TimeStep,Slice,Throughput_Mbps,Avg_SNR_dB,Avg_Delay_ms,Users,PRB_num,DL_Buffer,Scheduling,TxPower,ant_tilt_deg,user_throughput,CIO
1,URLLC,12.0465060992841,6.40014882619994,1.89001817509461,7,131,19,WF,26,11,1.72092944275487,0
2,URLLC,24.3237513216671,3.72185460351286,2.21682450687054,7,131,37.9534939007159,RR,26,11,3.47482161738101,0
3,URLLC,23.3228769197922,3.89721212014071,1.76330973999748,7,131,39.4269405509876,RR,26,11,3.33183955997032,0
4,URLLC,29.2790365957047,5.99790807620179,1.10708617098861,7,131,38.1990432422515,RR,26,11,4.18271951367211,0
5,URLLC,33.4269405509876,5.30867497904,0.726918660318438,7,131,33.4269405509876,RR,26,11,4.77527722156966,0
6,URLLC,20.7506918726547,5.13781570709176,1.13824167975003,7,131,25,RR,26,11,2.96438455323639,0
7,URLLC,23.5156768975722,3.43529469032035,1.30303285708871,7,131,27.2493081273453,RR,26,11,3.35938241393889,0
8,URLLC,26.13291769768,5.84269828721023,0.786346016479558,7,131,29,RR,26,11,3.73327395681143,0
9,URLLC,25.7453605623064,4.42859556025596,0.750479897727657,7,131,25.86708230232,RR,26,11,3.67790865175806,0
10,URLLC,20.1217217400136,4.1266664976666,0.643914202674879,7,131,20.1217217400136,RR,26,11,2.8745316771448,0
11,URLLC,20.7059771466924,5.71480831855182,0.904443470819083,7,131,27,RR,26,11,2.95799673524177,0
12,URLLC,31.74583539536,4.78331251559702,1.26481005656786,7,131,44.2940228533076,RR,26,11,4.53511934219429,0
13,URLLC,27.2790365957047,3.8526718206348,1.20448806796906,7,131,39.25416460464,RR,26,11,3.89700522795782,0
14,URLLC,25.9503255473835,4.23867663672701,1.5318916296539,7,131,37.2940228533076,RR,26,11,3.70718936391192,0
15,URLLC,26.4684053853397,4.25291605829613,1.33280817152594,7,131,36.4250203889439,RR,26,11,3.78120076933425,0
16,URLLC,30.7059771466924,5.87175269388627,0.967651652001162,7,131,36.6246540636726,RR,26,11,4.3865681638132,0
17,URLLC,28.0949796110561,5.53054512244876,1.15313975313936,7,131,34.0515946146603,RR,26,11,4.01356851586516,0
18,URLLC,21.9860024449557,3.06239506682125,2.65976682673024,7,131,36,RR,26,11,3.14085749213653,0
19,URLLC,24.0813230830197,5.0323320578232,1.78948483529804,7,131,37.9050203889439,RR,26,11,3.44018901185996,0
20,URLLC,16.8388948443724,4.57899421607489,1.33316394504778,7,131,31.1990432422515,RR,26,11,2.40555640633891,0
21,URLLC,19.0149093743401,6.37353440473245,1.18239662878993,7,79,28.3601483978791,RR,26,4,2.71641562490573,4
22,URLLC,15.6237690715609,4.25353197038161,1.03668964315191,7,79,19.3332869987053,RR,26,4,2.23196701022299,4
23,URLLC,10.7946474410631,3.43209854347277,0.847209147617977,7,79,14.7095179271444,RR,26,4,1.54209249158044,4
24,URLLC,9.4010198190464,2.45337487498622,1.22033552736576,7,79,13.4107051178738,RR,26,4,1.34300283129234,4
25,URLLC,16.669208256312,4.42150539557518,0.843461687032688,7,79,18.1595108166888,RR,26,4,2.38131546518743,4
26,URLLC,18.709208256312,4.32601391316106,0.938671399952981,7,79,20.4903025603768,RR,26,4,2.672744036616,4
27,URLLC,16.220664490774,4.30434482989789,0.922740769147579,7,79,17.7810943040648,RR,26,4,2.31723778439628,4
28,URLLC,15.0693869483654,2.77563680877658,1.12922178224864,7,79,18.070529810411,RR,26,4,2.1527695640522,4
29,URLLC,10.4463627592933,1.81375562458622,2.13005655187771,7,79,16.0011428620456,RR,26,4,1.49233753704191,4
30,URLLC,9.56053063573523,4.29247168510739,1.26568093453478,7,79,15,RR,26,4,1.36579009081932,4
31,URLLC,12.7197346821324,7.99696046471242,0.565928601925127,6,79,12.7197346821324,RR,26,4,2.1199557803554,4
32,URLLC,14.2960705560787,5.22127545265723,1.10768768950896,6,79,18,RR,26,4,2.38267842601312,4
33,URLLC,12.7039294439213,5.78622823906344,0.556375158525764,6,79,12.7039294439213,RR,26,4,2.11732157398688,4
34,URLLC,8,4.74324088112592,0.295310423891175,6,79,8,RR,26,4,1.33333333333333,4
35,URLLC,13.5130408302072,5.68047095516309,0.625254857216625,6,79,14,RR,26,4,2.2521734717012,4
36,URLLC,11.7496219514506,7.02233038257752,0.90458004156675,6,79,16.4869591697928,RR,26,4,1.95827032524177,4
37,URLLC,15.5130408302072,4.53780852840658,1.50820440991282,6,79,22.7373372183422,RR,26,4,2.58550680503453,4
38,URLLC,16.30276515762,5.07576222524703,0.815430677549084,6,79,19,RR,26,4,2.71712752627001,4
39,URLLC,10.30276515762,6.65439169299105,0.589900239900445,6,79,11,RR,26,4,1.71712752627001,4
40,URLLC,11.2626627816578,6.700130324656,0.605443727053818,6,79,12.69723484238,RR,26,4,1.87711046360963,4
41,URLLC,9.43457206072218,7.2775440170744,0.26256148349847,6,202,9.43457206072218,PF,27,2,1.57242867678703,1
42,URLLC,11,7.18107881738497,0.333994446952558,6,202,11,PF,27,2,1.83333333333333,1
43,URLLC,9,8.18713877350949,0.264462780463541,6,202,9,PF,27,2,1.5,1
44,URLLC,13,5.85746405482967,0.286380330207823,6,202,13,PF,27,2,2.16666666666667,1
45,URLLC,9,9.59643089140307,0.204403933178272,6,202,9,PF,27,2,1.5,1
46,URLLC,12.5214675499335,5.54192938942058,0.490639482878741,6,202,13,PF,27,2,2.08691125832225,1
47,URLLC,7.47853245006651,6.81080216863246,0.20823228734489,6,202,7.47853245006651,PF,27,2,1.24642207501108,1
48,URLLC,12,7.07096898106972,0.385166502510825,6,202,12,PF,27,2,2,1
49,URLLC,14,8.36679266755213,0.351134121695742,6,202,14,PF,27,2,2.33333333333333,1
50,URLLC,14,8.52783115310948,0.310769092625884,6,202,14,PF,27,2,2.33333333333333,1
51,URLLC,10,7.57910588062339,0.351060406993814,6,202,10,PF,27,2,1.66666666666667,1
52,URLLC,8,8.58254804288572,0.263907924200039,6,202,8,PF,27,2,1.33333333333333,1
53,URLLC,11,7.58019206921318,0.287244651382542,6,202,11,PF,27,2,1.83333333333333,1
54,URLLC,15,8.20322480051158,0.286544132741485,6,202,15,PF,27,2,2.5,1
55,URLLC,11,8.37735021356722,0.329903393243163,6,202,11,PF,27,2,1.83333333333333,1
56,URLLC,8,7.10673904671922,0.332557966694961,6,202,8,PF,27,2,1.33333333333333,1
57,URLLC,14,7.0806017006706,0.38485532738273,6,202,14,PF,27,2,2.33333333333333,1
58,URLLC,13,7.82408472039159,0.376953608485735,6,202,13,PF,27,2,2.16666666666667,1
59,URLLC,13,6.26390557307234,0.397021229363243,6,202,13,PF,27,2,2.16666666666667,1
60,URLLC,19,7.06706982598541,0.401160891521684,6,202,19,PF,27,2,3.16666666666667,1
61,URLLC,15,10.976884801196,0.369918580391219,6,121,15,RR,30,6,2.5,-1
62,URLLC,15,9.57733586550353,0.395804765431382,6,121,15,RR,30,6,2.5,-1
63,URLLC,6,8.88627286948687,0.258029852371591,6,121,6,RR,30,6,1,-1
64,URLLC,15,9.85697305683868,0.357990741472797,6,121,15,RR,30,6,2.5,-1
65,URLLC,13,10.0276437080002,0.354526281416883,6,121,13,RR,30,6,2.16666666666667,-1
66,URLLC,12,8.62950105315632,0.442377254557925,6,121,12,RR,30,6,2,-1
67,URLLC,8,10.3172976855439,0.294222891804398,6,121,8,RR,30,6,1.33333333333333,-1
68,URLLC,10,7.72036707154831,0.333721681853183,6,121,10,RR,30,6,1.66666666666667,-1
69,URLLC,18,11.3178092549863,0.363936293560619,6,121,18,RR,30,6,3,-1
70,URLLC,11,9.37441799921339,0.362321602183462,6,121,11,RR,30,6,1.83333333333333,-1
71,URLLC,19,11.4165610254323,0.392322711780927,6,121,19,RR,30,6,3.16666666666667,-1
72,URLLC,14,8.97547183410718,0.366937333524972,6,121,14,RR,30,6,2.33333333333333,-1
73,URLLC,12,9.19326134475509,0.377556322829961,6,121,12,RR,30,6,2,-1
74,URLLC,12,9.31192603379398,0.391980456362661,6,121,12,RR,30,6,2,-1
75,URLLC,12,11.0738502176508,0.350241361181813,6,121,12,RR,30,6,2,-1
76,URLLC,15,9.41775049740803,0.401181310533097,6,121,15,RR,30,6,2.5,-1
77,URLLC,20,10.0381700180319,0.488657543593991,6,121,20,RR,30,6,3.33333333333333,-1
78,URLLC,12,9.24320079783893,0.286327913219009,6,121,12,RR,30,6,2,-1
79,URLLC,12,11.4362181030448,0.370604023614116,6,121,12,RR,30,6,2,-1
80,URLLC,9,9.11996429931345,0.343947824653241,6,121,9,RR,30,6,1.5,-1
81,URLLC,29,11.3296776801014,0.404606925583221,6,200,29,RR,32,10,4.83333333333333,-1
82,URLLC,20,12.7864990231817,0.333952448002171,6,200,20,RR,32,10,3.33333333333333,-1
83,URLLC,25,12.4735441606007,0.350860835911181,6,200,25,RR,32,10,4.16666666666667,-1
84,URLLC,28,12.5992550037271,0.374345852653736,6,200,28,RR,32,10,4.66666666666667,-1
85,URLLC,28,13.3787333368097,0.398920915179796,6,200,28,RR,32,10,4.66666666666667,-1
86,URLLC,22,10.6324892010295,0.396847929781171,6,200,22,RR,32,10,3.66666666666667,-1
87,URLLC,31,10.5650412828845,0.389466049272629,6,200,31,RR,32,10,5.16666666666667,-1
88,URLLC,18,13.242126566339,0.331438303435936,6,200,18,RR,32,10,3,-1
89,URLLC,21,12.2528478431965,0.333294120923342,6,200,21,RR,32,10,3.5,-1
90,URLLC,15,12.5694762380913,0.314178327820128,6,200,15,RR,32,10,2.5,-1
91,URLLC,22,13.3188421142945,0.337680574710356,6,200,22,RR,32,10,3.66666666666667,-1
92,URLLC,31,13.9110789223134,0.377378009680051,6,200,31,RR,32,10,5.16666666666667,-1
93,URLLC,24,12.831605422648,0.354693381324259,6,200,24,RR,32,10,4,-1
94,URLLC,34.8407959536028,8.70181196055107,0.564127580124533,7,200,35,RR,32,10,4.97725656480041,-1
95,URLLC,26.1592040463972,12.0977009786381,0.420272292880158,7,200,26.1592040463972,RR,32,10,3.73702914948531,-1
96,URLLC,31,11.3193272839122,0.532673934713962,7,200,31,RR,32,10,4.42857142857143,-1
97,URLLC,31,10.7000475762058,0.423847707728515,7,200,31,RR,32,10,4.42857142857143,-1
98,URLLC,30,10.3033130532453,0.397538792297163,7,200,30,RR,32,10,4.28571428571429,-1
99,URLLC,19,9.83803463624521,0.414406417165437,7,200,19,RR,32,10,2.71428571428571,-1
100,URLLC,21,10.6714412587173,0.363257547350817,7,200,21,RR,32,10,3,-1
101,URLLC,28.6646748714669,5.11339059748255,1.2095470814808,7,75,36,PF,27,16,4.0949535530667,4
102,URLLC,19.7129601809434,4.51974750600784,1.63301062729893,7,75,30.3353251285331,PF,27,16,2.8161371687062,4
103,URLLC,27.8879638503801,4.66138473955334,1.95349959469461,7,75,45.6223649475897,PF,27,16,3.98399483576858,4
104,URLLC,30.1609292442683,6.37218900926417,2.3057939205799,7,75,51.6623597346449,PF,27,16,4.30870417775261,4
105,URLLC,38.2992814409711,9.26346846113374,1.41455286031848,6,75,50.2788620287473,PF,27,16,6.38321357349519,4
106,URLLC,28.4229187690184,5.49284178453979,4.72419008526338,6,75,46.6607577533455,PF,27,16,4.73715312816974,4
107,URLLC,23.9675584726658,5.4098403580922,1.6142842374662,6,75,40.8318542069268,PF,27,16,3.99459307877764,4
108,URLLC,24.2368972908849,5.7000651194225,2.60246446970498,6,75,38.9130020336025,PF,27,16,4.03948288181415,4
109,URLLC,28.8377043466485,8.55915414824906,1.0331730790092,6,75,37.5930020336025,PF,27,16,4.80628405777475,4
110,URLLC,36.7166530740374,7.58699755951859,2.0019734382762,6,75,49.0811478266757,PF,27,16,6.11944217900623,4
111,URLLC,25.8052648724907,5.84321773203277,3.0224893991218,6,75,48,PF,27,16,4.30087747874846,4
112,URLLC,33.6874639717776,7.85187652851154,2.04884007234632,6,75,52.68,PF,27,16,5.6145773286296,4
113,URLLC,26.9656035902265,4.80239423533804,4.51885456529189,6,75,53.0811478266757,PF,27,16,4.49426726503775,4
114,URLLC,32.844795042634,6.75656746749396,1.37705414527342,6,75,49,PF,27,16,5.47413250710566,4
115,URLLC,29.9746491686513,5.99207446961371,1.43009286751583,6,75,42.0740571306903,PF,27,16,4.99577486144188,4
116,URLLC,31.9932825798067,8.56431174945482,1.25331770729507,6,75,38.0669664347049,PF,27,16,5.33221376330112,4
117,URLLC,24.9675584726658,8.45604431522364,1.16499716240143,6,75,35.1622956533515,PF,27,16,4.16125974544431,4
118,URLLC,31.2388521733243,7.70564659772796,1.12524492381848,6,75,40.1947371806856,PF,27,16,5.20647536222071,4
119,URLLC,23.7104866448948,6.42475971135956,2.40926680332093,6,75,32.7935893540099,PF,27,16,3.95174777414914,4
120,URLLC,25.2388521733243,8.16074810284939,1.19545881461399,6,75,37,PF,27,16,4.20647536222071,4
121,URLLC,18.4011478266757,10.5427661474445,1.0436372150222,6,72,31.0811478266757,RR,32,7,3.06685797111262,4
122,URLLC,27.32,10.642863334809,0.816840609055044,6,72,32,RR,32,7,4.55333333333333,4
123,URLLC,23,12.6795716999637,0.596068947111349,6,72,23,RR,32,7,3.83333333333333,4
124,URLLC,20,12.9004054035622,0.416906221183561,6,72,20,RR,32,7,3.33333333333333,4
125,URLLC,25,11.005521603952,0.555711020242306,6,72,25,RR,32,7,4.16666666666667,4
126,URLLC,21,11.9221919204589,0.535780994422012,6,72,21,RR,32,7,3.5,4
127,URLLC,20.0886117984533,10.053674788291,0.766746416996861,7,72,23,RR,32,7,2.86980168549333,4
128,URLLC,16.5323768111035,9.4901750997664,0.632555070198529,7,72,19,RR,32,7,2.36176811587194,4
129,URLLC,18.7405098320444,9.31159569897915,0.707895597088591,7,72,19.4676231888965,RR,32,7,2.67721569029206,4
130,URLLC,19.727113356852,11.1656044543489,0.532526477905216,7,72,19.727113356852,RR,32,7,2.81815905097886,4
131,URLLC,24.6,10.8820147299363,0.679675139549439,7,72,25,RR,32,7,3.51428571428571,4
132,URLLC,16.2810984148291,9.04613351938925,0.847520077569574,7,72,19.4,RR,32,7,2.32587120211844,4
133,URLLC,21.1189015851709,10.4235139823134,0.616508365470906,7,72,21.1189015851709,RR,32,7,3.0169859407387,4
134,URLLC,23,10.899420316713,0.562943450366671,7,72,23,RR,32,7,3.28571428571429,4
135,URLLC,26.7405098320444,11.2847925442841,1.1851458507578,7,72,33,RR,32,7,3.82007283314921,4
136,URLLC,20.6,11.711783889593,0.945534352923561,7,72,27.2594901679556,RR,32,7,2.94285714285714,4
137,URLLC,18.6,9.76381566299644,0.616503008194835,7,72,20,RR,32,7,2.65714285714286,4
138,URLLC,26,10.626600387188,0.597507605213863,7,72,26,RR,32,7,3.71428571428571,4
139,URLLC,21,10.3965345905678,0.541943090038838,7,72,21,RR,32,7,3,4
140,URLLC,18,8.87505017547858,0.470031636752111,7,72,18,RR,32,7,2.57142857142857,4
141,URLLC,7,4.69652052658299,0.225166490626214,7,114,7,RR,26,20,1,3
142,URLLC,2.86220409871653,4.93214890175969,0.233499124355045,7,114,3,RR,26,20,0.408886299816647,3
143,URLLC,5.13779590128347,5.01682153728008,0.200854421738462,7,114,5.13779590128347,RR,26,20,0.733970843040495,3
144,URLLC,6,5.5806376823214,0.260147112426651,7,114,6,RR,26,20,0.857142857142857,3
145,URLLC,8,4.47608867126082,0.330388851858357,7,114,8,RR,26,20,1.14285714285714,3
146,URLLC,1,4.39399955069587,0.0443566796861462,7,114,1,RR,26,20,0.142857142857143,3
147,URLLC,6.22252972117988,3.62813169801889,0.497515952996432,7,114,7,RR,26,20,0.888932817311411,3
148,URLLC,6.77747027882012,4.46715322120223,0.335849017598707,7,114,6.77747027882012,RR,26,20,0.968210039831446,3
149,URLLC,3,4.80328903727439,0.198695991327974,7,114,3,RR,26,20,0.428571428571429,3
150,URLLC,7.22252972117988,3.23138574855109,0.633204411100562,7,114,8,RR,26,20,1.03178996016855,3
151,URLLC,7.77747027882012,3.37735263234307,0.249285269802442,7,114,7.77747027882012,RR,26,20,1.11106718268859,3
152,URLLC,7,4.31592832521054,0.298787846024227,7,114,7,RR,26,20,1,3
153,URLLC,2,1.76872624075467,0.14752898010052,7,114,2,RR,26,20,0.285714285714286,3
154,URLLC,5,6.0554539035784,0.29833318524051,6,114,5,RR,26,20,0.833333333333333,3
155,URLLC,5,8.18938281553564,0.252610084803759,6,114,5,RR,26,20,0.833333333333333,3
156,URLLC,10,5.72475350574277,0.383731968351865,6,114,10,RR,26,20,1.66666666666667,3
157,URLLC,4,5.03071841750502,0.229076215825363,6,114,4,RR,26,20,0.666666666666667,3
158,URLLC,6,6.61665082259399,0.329240670988899,6,114,6,RR,26,20,1,3
159,URLLC,2,5.75350996355632,0.128379569731632,6,114,2,RR,26,20,0.333333333333333,3
160,URLLC,8,7.12479014237179,0.356217132250802,6,114,8,RR,26,20,1.33333333333333,3
161,URLLC,26,10.069302490069,0.414953818689315,6,175,26,PF,29,10,4.33333333333333,-2
162,URLLC,21,9.60924405754192,0.372549488149297,6,175,21,PF,29,10,3.5,-2
163,URLLC,25,10.1609561349309,0.461473464332602,6,175,25,PF,29,10,4.16666666666667,-2
164,URLLC,24,8.54759463556931,0.409569705431382,6,175,24,PF,29,10,4,-2
165,URLLC,29,9.01101010569222,0.569323105920028,6,175,29,PF,29,10,4.83333333333333,-2
166,URLLC,30,9.33567931941735,0.49227312429977,6,175,30,PF,29,10,5,-2
167,URLLC,26,9.59982670984714,0.425888653671958,6,175,26,PF,29,10,4.33333333333333,-2
168,URLLC,28.2158351196385,7.87971253223386,0.774690275800276,6,175,30,PF,29,10,4.70263918660642,-2
169,URLLC,24.7841648803615,9.0530808183466,0.489312026515065,6,175,24.7841648803615,PF,29,10,4.13069414672691,-2
170,URLLC,32,9.78947360464556,0.51976912881634,6,175,32,PF,29,10,5.33333333333333,-2
171,URLLC,31,9.59043528941648,0.46238524953471,6,175,31,PF,29,10,5.16666666666667,-2
172,URLLC,26,7.74680417391346,0.463762710978761,6,175,26,PF,29,10,4.33333333333333,-2
173,URLLC,27,9.3299826461855,0.46012729869932,6,175,27,PF,29,10,4.5,-2
174,URLLC,27,8.63493260750437,0.456968847780795,6,175,27,PF,29,10,4.5,-2
175,URLLC,22,8.31758686932918,0.379919233771627,6,175,22,PF,29,10,3.66666666666667,-2
176,URLLC,34,8.97404488350886,0.527619287278612,6,175,34,PF,29,10,5.66666666666667,-2
177,URLLC,23,8.1516217725584,0.411014536328164,6,175,23,PF,29,10,3.83333333333333,-2
178,URLLC,20,11.8722326486161,0.36186383149758,6,175,20,PF,29,10,3.33333333333333,-2
179,URLLC,20,9.26880793658529,0.367222511930289,6,175,20,PF,29,10,3.33333333333333,-2
180,URLLC,27,8.54768952461161,0.442572703683847,6,175,27,PF,29,10,4.5,-2
181,URLLC,16,12.9473758446703,0.370211797198983,6,122,16,RR,32,9,2.66666666666667,0
182,URLLC,19,13.2237673785639,0.382797776879987,6,122,19,RR,32,9,3.16666666666667,0
183,URLLC,22,12.4363842642106,0.450672776330698,6,122,22,RR,32,9,3.66666666666667,0
184,URLLC,22,12.7257949579221,0.443773905156572,6,122,22,RR,32,9,3.66666666666667,0
185,URLLC,25,10.2039603737623,0.551456845077045,6,122,25,RR,32,9,4.16666666666667,0
186,URLLC,13,9.71092135814937,0.379214165679463,6,122,13,RR,32,9,2.16666666666667,0
187,URLLC,16,13.1024619485052,0.410806701071711,6,122,16,RR,32,9,2.66666666666667,0
188,URLLC,22,12.6496992703672,0.412938355111044,6,122,22,RR,32,9,3.66666666666667,0
189,URLLC,16,11.7400611268575,0.360806693733349,6,122,16,RR,32,9,2.66666666666667,0
190,URLLC,15,12.4579097803642,0.386668162391036,6,122,15,RR,32,9,2.5,0
191,URLLC,8,9.62520963713431,0.212617636684609,6,122,8,RR,32,9,1.33333333333333,0
192,URLLC,18,12.5286465187251,0.490482990346219,6,122,18,RR,32,9,3,0
193,URLLC,18,10.6690897366961,0.392693626677138,6,122,18,RR,32,9,3,0
194,URLLC,21,12.5329912466166,0.433081100109307,6,122,21,RR,32,9,3.5,0
195,URLLC,20.4810196640889,10.8963632875961,0.548668567357524,6,122,21,RR,32,9,3.41350327734815,0
196,URLLC,14.5189803359111,11.880856406866,0.381336729046699,6,122,14.5189803359111,RR,32,9,2.41983005598518,0
197,URLLC,15,12.4680423943897,0.38106787135155,6,122,15,RR,32,9,2.5,0
198,URLLC,19,13.9081969801747,0.370135257896611,6,122,19,RR,32,9,3.16666666666667,0
199,URLLC,13,11.8969304232455,0.373502750882379,6,122,13,RR,32,9,2.16666666666667,0
200,URLLC,17,12.5298941206755,0.388046675750562,6,122,17,RR,32,9,2.83333333333333,0
201,URLLC,11.0395266395495,4.11839184336119,1.47059320832353,6,130,17,RR,25,5,1.83992110659158,-3
202,URLLC,6.44414287956545,5.23124405689118,0.764652212520185,6,130,12.9604733604505,RR,25,5,1.07402381326091,-3
203,URLLC,12.6550706472933,4.45509249541716,0.585727248437545,6,130,14,RR,25,5,2.10917844121556,-3
204,URLLC,8.65507064729334,3.84635295024813,0.397911696719851,6,130,9.34492935270666,RR,25,5,1.44251177454889,-3
205,URLLC,4.68985870541331,4.23873662765354,0.240591404120769,6,130,4.68985870541331,RR,25,5,0.781643117568886,-3
206,URLLC,6,5.81108934303943,0.355918071297038,6,130,6,RR,25,5,1,-3
207,URLLC,11,4.49284902826421,0.485522989992761,6,130,11,RR,25,5,1.83333333333333,-3
208,URLLC,13.6550706472933,5.46040421314769,0.520290132289826,6,130,15,RR,25,5,2.27584510788222,-3
209,URLLC,11.3449293527067,5.67939841542764,0.413542159551373,6,130,11.3449293527067,RR,25,5,1.89082155878444,-3
210,URLLC,13.0395266395495,4.07409754419113,0.670554650975064,6,130,14,RR,25,5,2.17325443992492,-3
211,URLLC,17.9604733604505,5.52213720866021,0.568439244454259,6,130,17.9604733604505,RR,25,5,2.99341222674175,-3
212,URLLC,9.60457025904859,3.76137355098617,0.574831126712328,6,130,10,RR,25,5,1.60076170984143,-3
213,URLLC,17.3954297409514,4.7736093092601,0.67736988365708,6,130,17.3954297409514,RR,25,5,2.89923829015857,-3
214,URLLC,13,6.40001050492804,0.410532170444402,6,130,13,RR,25,5,2.16666666666667,-3
215,URLLC,13,7.15972363150531,0.397005042705699,6,130,13,RR,25,5,2.16666666666667,-3
216,URLLC,17.048713138614,4.05064259496174,1.1421039572005,6,130,22,RR,25,5,2.84145218976901,-3
217,URLLC,15.951286861386,2.37614061143656,0.515551168947053,6,130,15.951286861386,RR,25,5,2.65854781023099,-3
218,URLLC,13,5.38438187986024,0.432391144383671,6,130,13,RR,25,5,2.16666666666667,-3
219,URLLC,13,3.03719371626162,0.627363370929071,6,130,13,RR,25,5,2.16666666666667,-3
220,URLLC,9,4.26848737876435,0.308237293708757,6,130,9,RR,25,5,1.5,-3
221,URLLC,35,13.3309235603292,0.482504268367019,6,184,35,PF,32,10,5.83333333333333,2
222,URLLC,32,13.0449224806083,0.390695214425407,6,184,32,PF,32,10,5.33333333333333,2
223,URLLC,23,12.3565673823319,0.389621422768391,6,184,23,PF,32,10,3.83333333333333,2
224,URLLC,34,11.303086415715,0.460517542928163,6,184,34,PF,32,10,5.66666666666667,2
225,URLLC,27,11.382447759163,0.40157895861864,6,184,27,PF,32,10,4.5,2
226,URLLC,29,12.8105225097377,0.402109284246792,6,184,29,PF,32,10,4.83333333333333,2
227,URLLC,28,12.9923566937459,0.358699002195327,6,184,28,PF,32,10,4.66666666666667,2
228,URLLC,24,8.39347725363525,0.483576257519338,6,184,24,PF,32,10,4,2
229,URLLC,36,12.4026145938326,0.522326454940455,6,184,36,PF,32,10,6,2
230,URLLC,35,13.3681725857011,0.369289457432482,6,184,35,PF,32,10,5.83333333333333,2
231,URLLC,27,11.6586865444384,0.387989368768304,6,184,27,PF,32,10,4.5,2
232,URLLC,29,11.1386226655331,0.358597518254157,6,184,29,PF,32,10,4.83333333333333,2
233,URLLC,34,11.1781587436705,0.415049228005209,6,184,34,PF,32,10,5.66666666666667,2
234,URLLC,38,13.1691186386639,0.442767562233011,6,184,38,PF,32,10,6.33333333333333,2
235,URLLC,23,10.6056722167638,0.397412759812214,6,184,23,PF,32,10,3.83333333333333,2
236,URLLC,30,13.5112900841152,0.449164749573755,6,184,30,PF,32,10,5,2
237,URLLC,33,12.5478759866194,0.386515665910204,6,184,33,PF,32,10,5.5,2
238,URLLC,31,12.8064514107771,0.411367218442684,6,184,31,PF,32,10,5.16666666666667,2
239,URLLC,29,11.4589968113464,0.491973118493643,6,184,29,PF,32,10,4.83333333333333,2
240,URLLC,27,11.6686048909958,0.407094968225408,6,184,27,PF,32,10,4.5,2
241,URLLC,9,10.6599421799325,0.327522455999866,6,115,9,RR,32,4,1.5,-3
242,URLLC,7,12.3846294934171,0.221359036723478,6,115,7,RR,32,4,1.16666666666667,-3
243,URLLC,7,9.56259147505068,0.34129232558825,6,115,7,RR,32,4,1.16666666666667,-3
244,URLLC,2,12.4134669942473,0.0944902656764481,6,115,2,RR,32,4,0.333333333333333,-3
245,URLLC,7,13.5045100933895,0.25264167717924,6,115,7,RR,32,4,1.16666666666667,-3
246,URLLC,8,13.0941636226346,0.173538991851188,6,115,8,RR,32,4,1.33333333333333,-3
247,URLLC,3,11.2377910267971,0.143200521645262,6,115,3,RR,32,4,0.5,-3
248,URLLC,5,12.6521044245536,0.1557104018024,6,115,5,RR,32,4,0.833333333333333,-3
249,URLLC,3,12.013506285682,0.111414819447853,6,115,3,RR,32,4,0.5,-3
250,URLLC,6,12.2325984824692,0.160177654213516,6,115,6,RR,32,4,1,-3
251,URLLC,5,10.6749614268329,0.224571150221895,6,115,5,RR,32,4,0.833333333333333,-3
252,URLLC,4,12.4058730356938,0.187816443616831,6,115,4,RR,32,4,0.666666666666667,-3
253,URLLC,5,11.4123780443514,0.211303773910039,6,115,5,RR,32,4,0.833333333333333,-3
254,URLLC,4,8.9477586406779,0.164656976709891,6,115,4,RR,32,4,0.666666666666667,-3
255,URLLC,2,12.9549648924737,0.0979120524082592,6,115,2,RR,32,4,0.333333333333333,-3
256,URLLC,7,11.0732217687278,0.216407074648927,6,115,7,RR,32,4,1.16666666666667,-3
257,URLLC,7,10.3295111024075,0.224893495449167,6,115,7,RR,32,4,1.16666666666667,-3
258,URLLC,7,11.0975907610837,0.199060060830512,6,115,7,RR,32,4,1.16666666666667,-3
259,URLLC,2,12.3246826511154,0.102343142596853,6,115,2,RR,32,4,0.333333333333333,-3
260,URLLC,5,12.720478167903,0.213919242198212,6,115,5,RR,32,4,0.833333333333333,-3
261,URLLC,5,13.8157345127788,0.148795487224472,6,185,5,RR,34,16,0.833333333333333,1
262,URLLC,9,13.5230745620425,0.206113165109857,6,185,9,RR,34,16,1.5,1
263,URLLC,6,13.4875931658031,0.220688086901758,6,185,6,RR,34,16,1,1
264,URLLC,4,14.4969374351675,0.0914937269937537,6,185,4,RR,34,16,0.666666666666667,1
265,URLLC,7,12.8937056964821,0.249921891904056,6,185,7,RR,34,16,1.16666666666667,1
266,URLLC,3,15.2716679985508,0.0914847620636489,6,185,3,RR,34,16,0.5,1
267,URLLC,6,12.8405230192734,0.240009164067229,6,185,6,RR,34,16,1,1
268,URLLC,8,13.5912640444884,0.201643123842154,6,185,8,RR,34,16,1.33333333333333,1
269,URLLC,4,15.6065928970864,0.133611306551214,6,185,4,RR,34,16,0.666666666666667,1
270,URLLC,4,14.3796078117923,0.182890377734822,6,185,4,RR,34,16,0.666666666666667,1
271,URLLC,6,12.4918491582653,0.204235515433709,6,185,6,RR,34,16,1,1
272,URLLC,8,15.0180228910862,0.238515258290831,6,185,8,RR,34,16,1.33333333333333,1
273,URLLC,9,15.9570310710821,0.236483361698983,6,185,9,RR,34,16,1.5,1
274,URLLC,7,14.4006672956198,0.184952993341751,6,185,7,RR,34,16,1.16666666666667,1
275,URLLC,5,13.9527120531802,0.189123923849573,6,185,5,RR,34,16,0.833333333333333,1
276,URLLC,6,15.620324265813,0.187123437258731,6,185,6,RR,34,16,1,1
277,URLLC,3,12.8004488709385,0.139599090655819,6,185,3,RR,34,16,0.5,1
278,URLLC,7,14.0442023539867,0.196658275596129,6,185,7,RR,34,16,1.16666666666667,1
279,URLLC,6,13.2890143264481,0.204790741339452,6,185,6,RR,34,16,1,1
280,URLLC,5,13.6143588842575,0.232239832394945,6,185,5,RR,34,16,0.833333333333333,1
281,URLLC,25,11.2383302804274,0.488952031585139,6,100,25,PF,31,4,4.16666666666667,5
282,URLLC,28,10.6626583183933,0.542293896355583,6,100,28,PF,31,4,4.66666666666667,5
283,URLLC,33,12.0217780321789,0.576137060644744,6,100,33,PF,31,4,5.5,5
284,URLLC,34,10.5614383486468,0.6628332418544,6,100,34,PF,31,4,5.66666666666667,5
285,URLLC,29.8622040987165,10.0559127905797,0.956349951458829,6,100,33,PF,31,4,4.97703401645276,5
286,URLLC,31.76,11.5030379306638,0.612576420624182,6,100,32.1377959012835,PF,31,4,5.29333333333333,5
287,URLLC,31.9567446302211,10.206920857111,0.759455063486403,6,100,33.3777959012835,PF,31,4,5.32612410503685,5
288,URLLC,29.2046570665937,12.0599480344603,0.588650899765138,6,100,29.4210512710624,PF,31,4,4.86744284443229,5
289,URLLC,23.2163942044686,11.0338441925265,0.542543381145027,6,100,23.2163942044686,PF,31,4,3.86939903407811,5
290,URLLC,33,10.7097780797264,0.536236492774862,6,100,33,PF,31,4,5.5,5
291,URLLC,17,9.67525358879913,0.51966637227773,6,100,17,PF,31,4,2.83333333333333,5
292,URLLC,35,12.1587712308826,0.594920284758742,6,100,35,PF,31,4,5.83333333333333,5
293,URLLC,36,13.3606991957664,0.562745091124873,6,100,36,PF,31,4,6,5
294,URLLC,35,11.1163044086362,0.578480682457495,6,100,35,PF,31,4,5.83333333333333,5
295,URLLC,29,13.1836283187827,0.440979941106272,6,100,29,PF,31,4,4.83333333333333,5
296,URLLC,29,11.4831400086081,0.605679937944989,6,100,29,PF,31,4,4.83333333333333,5
297,URLLC,21.7848157312711,10.4448114416908,0.892319281575178,6,100,27,PF,31,4,3.63080262187852,5
298,URLLC,37.6537223306205,13.2479261821686,0.61705282316998,6,100,38.2151842687289,PF,31,4,6.27562038843675,5
299,URLLC,30.5614619381084,11.9200380326886,0.537712050591519,6,100,30.5614619381084,PF,31,4,5.09357698968473,5
300,URLLC,31.76,9.44223549125203,0.698391382469258,6,100,32,PF,31,4,5.29333333333333,5
301,URLLC,34.24,14.0806062554168,0.390280998367382,6,161,34.24,RR,35,3,5.70666666666667,1
302,URLLC,27,16.2487244468023,0.343352866827647,6,161,27,RR,35,3,4.5,1
303,URLLC,38,15.0271162769461,0.41580397770649,6,161,38,RR,35,3,6.33333333333333,1
304,URLLC,32,15.9224850595892,0.389374788279887,6,161,32,RR,35,3,5.33333333333333,1
305,URLLC,30,14.1983305713479,0.403710659446022,6,161,30,RR,35,3,5,1
306,URLLC,30,12.2749140441268,0.408327388445234,6,161,30,RR,35,3,5,1
307,URLLC,29,14.3904584443328,0.37562735481192,6,161,29,RR,35,3,4.83333333333333,1
308,URLLC,20,15.4315756817036,0.346192963493229,6,161,20,RR,35,3,3.33333333333333,1
309,URLLC,31,15.6642213847784,0.378426672451697,6,161,31,RR,35,3,5.16666666666667,1
310,URLLC,33,14.2586341940383,0.400460010241413,6,161,33,RR,35,3,5.5,1
311,URLLC,32,14.9933771461185,0.382328935723463,6,161,32,RR,35,3,5.33333333333333,1
312,URLLC,30,14.0125016644249,0.386736734286387,6,161,30,RR,35,3,5,1
313,URLLC,32,13.1165830036795,0.409580985956726,6,161,32,RR,35,3,5.33333333333333,1
314,URLLC,42,13.6408534622457,0.492519514881889,6,161,42,RR,35,3,7,1
315,URLLC,35,13.5783585545686,0.416573832401917,6,161,35,RR,35,3,5.83333333333333,1
316,URLLC,33,13.2910958762379,0.45135486387152,6,161,33,RR,35,3,5.5,1
317,URLLC,23,14.1703899294191,0.370254602485704,6,161,23,RR,35,3,3.83333333333333,1
318,URLLC,37.063018904491,10.9802625839192,1.32970406553475,7,161,48.936981095509,RR,35,3,5.29471698635586,1
319,URLLC,36,14.7387266602562,0.397350255996572,7,161,36,RR,35,3,5.14285714285714,1
320,URLLC,24,12.9494110476366,0.400457052652431,7,161,24,RR,35,3,3.42857142857143,1
321,URLLC,22.8271183072908,8.46491154478945,0.565079744175325,7,135,25,RR,30,5,3.26101690104155,4
322,URLLC,27.1728816927092,8.47789084832348,0.530482843559862,7,135,27.1728816927092,RR,30,5,3.8818402418156,4
323,URLLC,13,7.76523977490646,0.41879268049243,7,135,13,RR,30,5,1.85714285714286,4
324,URLLC,24,8.62854458634165,0.466249606089275,7,135,24,RR,30,5,3.42857142857143,4
325,URLLC,22,8.45263671787839,0.499092970597854,7,135,22,RR,30,5,3.14285714285714,4
326,URLLC,18,6.96625154717411,0.434312101001608,7,135,18,RR,30,5,2.57142857142857,4
327,URLLC,17,8.89280627956876,0.41800692180707,7,135,17,RR,30,5,2.42857142857143,4
328,URLLC,17,6.49996429638262,0.437643307771432,7,135,17,RR,30,5,2.42857142857143,4
329,URLLC,21,7.63264922451636,0.565505448939881,7,135,21,RR,30,5,3,4
330,URLLC,17,9.63998542157644,0.393116289423997,7,135,17,RR,30,5,2.42857142857143,4
331,URLLC,18,8.84375925539176,0.44480771546535,7,135,18,RR,30,5,2.57142857142857,4
332,URLLC,29.1340869881753,6.53108074709433,0.723303346923206,7,135,30,RR,30,5,4.16201242688218,4
333,URLLC,14.3842490599351,7.33931326594852,0.624518069077388,7,135,15.8659130118247,RR,30,5,2.05489272284786,4
334,URLLC,19.8271183072908,9.42933369466313,0.441928315047227,7,135,20.4816639518897,RR,30,5,2.83244547247012,4
335,URLLC,28.4517540439011,7.18692325978495,0.790004165046161,7,135,29.6545456445988,RR,30,5,4.06453629198587,4
336,URLLC,17.1469686808845,10.5193858784351,0.61583916918391,7,135,18.2027916006977,RR,30,5,2.44956695441206,4
337,URLLC,22.4669686808845,7.57899685579587,0.58729113551851,7,135,23.0558229198133,RR,30,5,3.20956695441206,4
338,URLLC,17.4517540439011,8.17867803227614,0.750799024904161,7,135,19.5888542389288,RR,30,5,2.4931077205573,4
339,URLLC,14.4517540439011,7.19719757506714,0.694169191124953,7,135,16.1371001950277,RR,30,5,2.06453629198587,4
340,URLLC,22,8.16149192096572,0.502630960458971,7,135,22,RR,30,5,3.14285714285714,4
341,URLLC,26,10.5251729751803,0.53582593004459,7,92,26,PF,33,4,3.71428571428571,0
342,URLLC,31.30276515762,10.9187077030698,0.754464638394324,7,92,34,PF,33,4,4.47182359394572,0
343,URLLC,41.7148550120547,12.7277843851423,0.887500810449983,7,92,46.69723484238,PF,33,4,5.95926500172209,0
344,URLLC,30.69723484238,12.213456221586,0.679482171106665,7,92,33.9823798303253,PF,33,4,4.38531926319714,0
345,URLLC,37.4813121752869,12.0164805635322,0.695719487661783,7,92,39.2851449879453,PF,33,4,5.35447316789813,0
346,URLLC,29.8038328126584,13.8837151301322,0.492718093877582,7,92,29.8038328126584,PF,33,4,4.25769040180835,0
347,URLLC,25,12.8442585719132,0.463433107306994,7,92,25,PF,33,4,3.57142857142857,0
348,URLLC,35.68,11.9942057083749,0.690581393053367,7,92,37,PF,33,4,5.09714285714286,0
349,URLLC,37.32,12.7728917462543,0.605710056370503,7,92,37.32,PF,33,4,5.33142857142857,0
350,URLLC,41,12.1194103328911,0.565637004831699,7,92,41,PF,33,4,5.85714285714286,0
351,URLLC,30,8.97425412252919,0.658826987141021,7,92,30,PF,33,4,4.28571428571429,0
352,URLLC,36,10.9616722356322,0.673735645366238,7,92,36,PF,33,4,5.14285714285714,0
353,URLLC,31,12.8953289815881,0.491588637306321,7,92,31,PF,33,4,4.42857142857143,0
354,URLLC,32,11.6797205528054,0.514340783596223,7,92,32,PF,33,4,4.57142857142857,0
355,URLLC,41.36,10.5311567027347,0.867852584639851,7,92,44,PF,33,4,5.90857142857143,0
356,URLLC,36.8241797088692,12.4923425949623,0.699121931480593,7,92,38.64,PF,33,4,5.26059710126703,0
357,URLLC,25.8158202911308,11.1965416972445,0.573263503865412,7,92,25.8158202911308,PF,33,4,3.6879743273044,0
358,URLLC,36,11.6328696424696,0.594088370222993,7,92,36,PF,33,4,5.14285714285714,0
359,URLLC,35.4813121752869,11.7637836185095,0.693204501858954,7,92,36,PF,33,4,5.06875888218385,0
360,URLLC,31.2626627816578,12.0184223954629,0.737381189824756,7,92,32.5186878247131,PF,33,4,4.46609468309397,0
361,URLLC,3.25602504305529,3.16777404464865,0.24300756792872,7,132,3.25602504305529,RR,25,11,0.465146434722184,2
362,URLLC,8,1.89980431519033,0.373912500613198,7,132,8,RR,25,11,1.14285714285714,2
363,URLLC,5,2.63380689782065,0.210588720349352,7,132,5,RR,25,11,0.714285714285714,2
364,URLLC,8,3.90350743034576,0.348755804429926,7,132,8,RR,25,11,1.14285714285714,2
365,URLLC,5,4.86010501334668,0.205644997123657,7,132,5,RR,25,11,0.714285714285714,2
366,URLLC,4,2.54714768131027,0.309963268464477,7,132,4,RR,25,11,0.571428571428571,2
367,URLLC,7.4517540439011,4.83136514955416,0.563144661513231,6,132,8,RR,25,11,1.24195900731685,2
368,URLLC,3.5482459560989,3.24412158949182,0.286377641316663,6,132,3.5482459560989,RR,25,11,0.591374326016483,2
369,URLLC,4,2.1145975150177,0.266447277267939,6,132,4,RR,25,11,0.666666666666667,2
370,URLLC,5,6.79360075088194,0.197788572321577,6,132,5,RR,25,11,0.833333333333333,2
371,URLLC,8,6.83800302840694,0.366744258896071,6,132,8,RR,25,11,1.33333333333333,2
372,URLLC,8,5.2527682446469,0.363591211529535,6,132,8,RR,25,11,1.33333333333333,2
373,URLLC,8,4.35459665850995,0.405377806580363,6,132,8,RR,25,11,1.33333333333333,2
374,URLLC,3,6.58728048301035,0.179470249120933,6,132,3,RR,25,11,0.5,2
375,URLLC,3,5.32392132933907,0.161162095545753,6,132,3,RR,25,11,0.5,2
376,URLLC,6,5.55966296974029,0.26466194533199,6,132,6,RR,25,11,1,2
377,URLLC,3,4.86066015663748,0.166084816218429,6,132,3,RR,25,11,0.5,2
378,URLLC,6.68097836662233,3.11996239672807,0.456688170657474,6,132,7,RR,25,11,1.11349639443705,2
379,URLLC,3.31902163337767,3.87597069435757,0.219762307265574,6,132,3.31902163337767,RR,25,11,0.553170272229612,2
380,URLLC,5,4.64122399708532,0.164633823928774,6,132,5,RR,25,11,0.833333333333333,2
381,URLLC,42,12.0070755295672,0.476340343081039,6,149,42,RR,32,0,7,-4
382,URLLC,28,10.7227635604631,0.441411638312399,6,149,28,RR,32,0,4.66666666666667,-4
383,URLLC,29,13.0378083417484,0.367622044537603,6,149,29,RR,32,0,4.83333333333333,-4
384,URLLC,32,11.9484201714845,0.467201459533764,6,149,32,RR,32,0,5.33333333333333,-4
385,URLLC,29,11.3614247507067,0.443478484041752,6,149,29,RR,32,0,4.83333333333333,-4
386,URLLC,18,12.3911348887053,0.335811297805393,6,149,18,RR,32,0,3,-4
387,URLLC,39,11.9210710530297,0.472132910074291,6,149,39,RR,32,0,6.5,-4
388,URLLC,25,9.30691265075503,0.479887622612,6,149,25,RR,32,0,4.16666666666667,-4
389,URLLC,21,11.6741126794679,0.390820986035144,6,149,21,RR,32,0,3.5,-4
390,URLLC,30,11.197303155223,0.561780878717352,6,149,30,RR,32,0,5,-4
391,URLLC,31,11.1281074708936,0.444314411253798,6,149,31,RR,32,0,5.16666666666667,-4
392,URLLC,19,12.7994524841131,0.388321928552606,6,149,19,RR,32,0,3.16666666666667,-4
393,URLLC,28,9.2304331459445,0.497897280367351,6,149,28,RR,32,0,4.66666666666667,-4
394,URLLC,19,12.3473492895583,0.38336339059294,6,149,19,RR,32,0,3.16666666666667,-4
395,URLLC,30,10.4048449706538,0.470715306106553,6,149,30,RR,32,0,5,-4
396,URLLC,33,12.4112173443083,0.548197399591067,6,149,34,RR,32,0,5.5,-4
397,URLLC,33,12.1222868235696,0.446001342863216,6,149,33,RR,32,0,5.5,-4
398,URLLC,20,13.304500642648,0.361718906669011,6,149,20,RR,32,0,3.33333333333333,-4
399,URLLC,29,12.8327795858586,0.460300334642664,6,149,29,RR,32,0,4.83333333333333,-4
400,URLLC,32,14.4451032334982,0.386090192855305,6,149,32,RR,32,0,5.33333333333333,-4
401,URLLC,28,12.2612757470925,0.39702201882089,6,202,28,PF,32,11,4.66666666666667,-4
402,URLLC,31,13.2800689347247,0.404036020224478,6,202,31,PF,32,11,5.16666666666667,-4
403,URLLC,30,12.386982828545,0.409347874928895,6,202,30,PF,32,11,5,-4
404,URLLC,35,14.9622210758493,0.396303182819694,6,202,35,PF,32,11,5.83333333333333,-4
405,URLLC,25,12.4922754887704,0.3562611703015,6,202,25,PF,32,11,4.16666666666667,-4
406,URLLC,29,13.1007967597038,0.36769454714252,6,202,29,PF,32,11,4.83333333333333,-4
407,URLLC,40,13.6226852050619,0.416162370074678,6,202,40,PF,32,11,6.66666666666667,-4
408,URLLC,35,12.0786234398081,0.432135178527373,6,202,35,PF,32,11,5.83333333333333,-4
409,URLLC,29,12.5946718573585,0.377892357396615,6,202,29,PF,32,11,4.83333333333333,-4
410,URLLC,39,11.6095012210388,0.438125517469085,6,202,39,PF,32,11,6.5,-4
411,URLLC,32,12.8962831671312,0.365138619021105,6,202,32,PF,32,11,5.33333333333333,-4
412,URLLC,39,12.7877847559341,0.441757612318837,6,202,39,PF,32,11,6.5,-4
413,URLLC,27,12.2664891829687,0.36864209075088,6,202,27,PF,32,11,4.5,-4
414,URLLC,29,12.5182039929277,0.386804000773246,6,202,29,PF,32,11,4.83333333333333,-4
415,URLLC,24,12.7489581955365,0.329494686266842,6,202,24,PF,32,11,4,-4
416,URLLC,22,12.6753299650352,0.342685154637535,6,202,22,PF,32,11,3.66666666666667,-4
417,URLLC,24,10.9588214999153,0.379214665896384,6,202,24,PF,32,11,4,-4
418,URLLC,28,12.4949362293937,0.361904728719724,6,202,28,PF,32,11,4.66666666666667,-4
419,URLLC,30,13.4389003243577,0.36807445215003,6,202,30,PF,32,11,5,-4
420,URLLC,35,13.2428111084336,0.387918452124687,6,202,35,PF,32,11,5.83333333333333,-4
421,URLLC,21,9.87083070616185,0.398480491384039,6,192,21,RR,30,16,3.5,-3
422,URLLC,11,9.33735392140945,0.333379973719969,6,192,11,RR,30,16,1.83333333333333,-3
423,URLLC,12,8.70991627099285,0.372966132985351,6,192,12,RR,30,16,2,-3
424,URLLC,19,9.63179909340307,0.352930362519188,6,192,19,RR,30,16,3.16666666666667,-3
425,URLLC,11,9.32900688861019,0.214421864813212,6,192,11,RR,30,16,1.83333333333333,-3
426,URLLC,17,10.4328373676367,0.408321043251699,6,192,17,RR,30,16,2.83333333333333,-3
427,URLLC,22,8.19410994387881,0.499651666414542,6,192,22,RR,30,16,3.66666666666667,-3
428,URLLC,16,8.46743122402653,0.406742152139916,6,192,16,RR,30,16,2.66666666666667,-3
429,URLLC,18,10.6220815570864,0.372747934069494,6,192,18,RR,30,16,3,-3
430,URLLC,23.7244081974331,9.74531488441334,0.545820316795178,6,192,25,RR,30,16,3.95406803290551,-3
431,URLLC,22.2755918025669,9.91955568611662,0.380831879487162,6,192,22.2755918025669,RR,30,16,3.71259863376116,-3
432,URLLC,20,9.48747889218259,0.440954395245268,6,192,20,RR,30,16,3.33333333333333,-3
433,URLLC,20,9.1189155357518,0.391803919120689,6,192,20,RR,30,16,3.33333333333333,-3
434,URLLC,18,10.2596296081871,0.356648192857163,6,192,18,RR,30,16,3,-3
435,URLLC,19,10.6415514289323,0.366604067592314,6,192,19,RR,30,16,3.16666666666667,-3
436,URLLC,15,10.1586969436127,0.342810111793515,6,192,15,RR,30,16,2.5,-3
437,URLLC,17,10.9168435457407,0.339310872302854,6,192,17,RR,30,16,2.83333333333333,-3
438,URLLC,22.4450594423598,7.96523636047753,0.530540373065457,6,192,23,RR,30,16,3.74084324039329,-3
439,URLLC,24.5549405576402,9.64525396934347,0.454170565971899,6,192,24.5549405576402,RR,30,16,4.09249009294004,-3
440,URLLC,23,10.2582398213055,0.41084995652243,6,192,23,RR,30,16,3.83333333333333,-3
441,URLLC,4,4.27888085479147,0.32579236388772,6,90,4,RR,25,17,0.666666666666667,-5
442,URLLC,5,2.80934228581408,0.172423948305932,6,90,5,RR,25,17,0.833333333333333,-5
443,URLLC,6.74251902824965,4.5422681336802,0.482192709024452,6,90,7,RR,25,17,1.12375317137494,-5
444,URLLC,5.14612161360613,5.04111488601933,0.536983542986238,6,90,6.25748097175035,RR,25,17,0.857686935601022,-5
445,URLLC,2,6.80565513361234,0.0819774669635027,5,90,2,RR,25,17,0.4,-5
446,URLLC,4,6.24946740804686,0.127230564036846,5,90,4,RR,25,17,0.8,-5
447,URLLC,4,4.34025889623382,0.211009534115098,5,90,4,RR,25,17,0.8,-5
448,URLLC,7,7.0300804982831,0.249328410164986,5,90,7,RR,25,17,1.4,-5
449,URLLC,4,7.42668438171896,0.1532957805619,5,90,4,RR,25,17,0.8,-5
450,URLLC,7,6.65664663523411,0.279525102017788,5,90,7,RR,25,17,1.4,-5
451,URLLC,6,10.1432722889223,0.238641881388392,5,90,6,RR,25,17,1.2,-5
452,URLLC,11,6.83279571342496,0.343613158791525,5,90,11,RR,25,17,2.2,-5
453,URLLC,9,6.35664942921062,0.31034346338593,5,90,9,RR,25,17,1.8,-5
454,URLLC,6,8.42358920202351,0.19822374253249,5,90,6,RR,25,17,1.2,-5
455,URLLC,5,8.23611673925792,0.214102651548154,5,90,5,RR,25,17,1,-5
456,URLLC,3,5.26562308806754,0.241629934642595,5,90,3,RR,25,17,0.6,-5
457,URLLC,2,8.837779684464,0.122245855293044,5,90,2,RR,25,17,0.4,-5
458,URLLC,3,7.75021835267225,0.128598596578132,5,90,3,RR,25,17,0.6,-5
459,URLLC,7,7.70572082088218,0.382670485597073,5,90,7,RR,25,17,1.4,-5
460,URLLC,2,6.87295960645584,0.127786041183319,5,90,2,RR,25,17,0.4,-5
461,URLLC,4,6.36305634875485,0.251829489505362,5,163,4,PF,25,12,0.8,-2
462,URLLC,4,10.032182442306,0.170709363773458,5,163,4,PF,25,12,0.8,-2
463,URLLC,4,9.30725939017873,0.21551300822328,5,163,4,PF,25,12,0.8,-2
464,URLLC,6,7.50154077803087,0.195417054543366,5,163,6,PF,25,12,1.2,-2
465,URLLC,2,5.03569022061768,0.119159986734412,5,163,2,PF,25,12,0.4,-2
466,URLLC,4,6.57963272946456,0.25264265500642,5,163,4,PF,25,12,0.8,-2
467,URLLC,3,7.50401781653298,0.191675578933748,5,163,3,PF,25,12,0.6,-2
468,URLLC,0,7.42188790222422,0,5,163,0,PF,25,12,0,-2
469,URLLC,8,9.18534236045233,0.236357408738363,5,163,8,PF,25,12,1.6,-2
470,URLLC,4,7.46399813172195,0.216817915600437,5,163,4,PF,25,12,0.8,-2
471,URLLC,9,6.4454799352681,0.314938081288425,5,163,9,PF,25,12,1.8,-2
472,URLLC,2,5.59884573754165,0.119968811982504,5,163,2,PF,25,12,0.4,-2
473,URLLC,8,6.59116320840567,0.358680507324951,5,163,8,PF,25,12,1.6,-2
474,URLLC,8,7.4469898492086,0.338633800434043,5,163,8,PF,25,12,1.6,-2
475,URLLC,1,8.57546411733467,0.0626715472951026,5,163,1,PF,25,12,0.2,-2
476,URLLC,4,6.5543745241705,0.116697856933939,5,163,4,PF,25,12,0.8,-2
477,URLLC,7,7.03076406325733,0.212889156006491,5,163,7,PF,25,12,1.4,-2
478,URLLC,6,7.26530762599562,0.245377694583705,5,163,6,PF,25,12,1.2,-2
479,URLLC,6,6.09124815110369,0.220232590792011,5,163,6,PF,25,12,1.2,-2
480,URLLC,5,7.3067672755298,0.295949979162171,5,163,5,PF,25,12,1,-2
481,URLLC,29,12.3040212879209,0.417674226207336,5,143,29,RR,31,14,5.8,-1
482,URLLC,18,10.3203191380734,0.366301517732119,5,143,18,RR,31,14,3.6,-1
483,URLLC,22,14.3172860794974,0.370094458530567,5,143,22,RR,31,14,4.4,-1
484,URLLC,28,13.1659298347694,0.395648428675506,5,143,28,RR,31,14,5.6,-1
485,URLLC,25,12.9538434470756,0.394101627398576,5,143,25,RR,31,14,5,-1
486,URLLC,34.5281621514748,11.338088565852,1.57217601494896,6,143,44,RR,31,14,5.75469369191247,-1
487,URLLC,37,9.51912140356283,0.589644083917104,6,143,37,RR,31,14,6.16666666666667,-1
488,URLLC,32,10.949456831989,0.495742814429469,6,143,32,RR,31,14,5.33333333333333,-1
489,URLLC,30,11.9957038959903,0.453737196183219,6,143,30,RR,31,14,5,-1
490,URLLC,28,10.9056657539412,0.445897787628,6,143,28,RR,31,14,4.66666666666667,-1
491,URLLC,26,10.4841244967315,0.458480342060495,6,143,26,RR,31,14,4.33333333333333,-1
492,URLLC,31,11.3245500706126,0.487682069914223,6,143,31,RR,31,14,5.16666666666667,-1
493,URLLC,30,12.088271326528,0.495966279669031,6,143,30,RR,31,14,5,-1
494,URLLC,26,9.38800560601959,0.447423832642811,6,143,26,RR,31,14,4.33333333333333,-1
495,URLLC,37,9.47268779197431,0.603918267652382,6,143,37,RR,31,14,6.16666666666667,-1
496,URLLC,34,9.96910463832582,0.579474518763826,6,143,34,RR,31,14,5.66666666666667,-1
497,URLLC,26,10.0442859502422,0.454835049142374,6,143,26,RR,31,14,4.33333333333333,-1
498,URLLC,24,11.4688800352279,0.484244985776257,6,143,24,RR,31,14,4,-1
499,URLLC,23,9.72047803805472,0.440336136976968,6,143,23,RR,31,14,3.83333333333333,-1
500,URLLC,26,9.82947514575787,0.443789847326655,6,143,26,RR,31,14,4.33333333333333,-1
501,URLLC,11,8.73327210483495,0.279045442967082,6,189,11,RR,30,7,1.83333333333333,-4
502,URLLC,12,10.7990205699891,0.328519601337463,6,189,12,RR,30,7,2,-4
503,URLLC,9,10.8348244982792,0.264245792392787,6,189,9,RR,30,7,1.5,-4
504,URLLC,16,11.4108758988823,0.322776645474303,6,189,16,RR,30,7,2.66666666666667,-4
505,URLLC,7,10.5011650987667,0.276357163201161,6,189,7,RR,30,7,1.16666666666667,-4
506,URLLC,8,9.50291657391709,0.258150788835392,6,189,8,RR,30,7,1.33333333333333,-4
507,URLLC,13,11.4839029711258,0.334697010515158,6,189,13,RR,30,7,2.16666666666667,-4
508,URLLC,10,9.36376161156022,0.303036661818026,6,189,10,RR,30,7,1.66666666666667,-4
509,URLLC,6,8.74741103233407,0.244043529408729,6,189,6,RR,30,7,1,-4
510,URLLC,12,10.0875999191056,0.381898072120819,6,189,12,RR,30,7,2,-4
511,URLLC,7,9.29729754820466,0.216189753856635,6,189,7,RR,30,7,1.16666666666667,-4
512,URLLC,12,9.00670329939154,0.300728910300664,6,189,12,RR,30,7,2,-4
513,URLLC,19,10.184677672619,0.35161100330769,6,189,19,RR,30,7,3.16666666666667,-4
514,URLLC,15,9.95271218101121,0.329677235146601,6,189,15,RR,30,7,2.5,-4
515,URLLC,15,9.17256923445679,0.331070702354861,6,189,15,RR,30,7,2.5,-4
516,URLLC,8,9.48094946442711,0.331126938138456,6,189,8,RR,30,7,1.33333333333333,-4
517,URLLC,14,8.93185111705664,0.325537290824521,6,189,14,RR,30,7,2.33333333333333,-4
518,URLLC,12,10.2655885618639,0.268722498538944,6,189,12,RR,30,7,2,-4
519,URLLC,9,9.15985803415427,0.2990218399498,6,189,9,RR,30,7,1.5,-4
520,URLLC,8,9.81829927652579,0.236225602580329,6,189,8,RR,30,7,1.33333333333333,-4
521,URLLC,19.3277551233957,4.9804889734197,0.684637284712985,6,119,20,PF,25,8,3.22129252056594,-1
522,URLLC,11.6722448766043,4.16698064075232,0.481642566980256,6,119,11.6722448766043,PF,25,8,1.94537414610072,-1
523,URLLC,11.4810196640889,5.75869839478709,0.472532955336489,6,119,12,PF,25,8,1.91350327734815,-1
524,URLLC,11,4.45042705906478,0.54409798074332,6,119,12.5189803359111,PF,25,8,1.83333333333333,-1
525,URLLC,9.85591727487051,2.35632421804708,0.829609716065847,6,119,12.5189803359111,PF,25,8,1.64265287914508,-1
526,URLLC,15.6630630610406,5.36549951518592,0.57192759793488,6,119,15.6630630610406,PF,25,8,2.61051051017343,-1
527,URLLC,8,5.24984150454179,0.412445090337626,6,119,8,PF,25,8,1.33333333333333,-1
528,URLLC,8,6.19940637837376,0.247493069943698,6,119,8,PF,25,8,1.33333333333333,-1
529,URLLC,15,3.15032638764687,0.597190587429813,6,119,15,PF,25,8,2.5,-1
530,URLLC,10,5.16616711804826,0.376388790861532,6,119,10,PF,25,8,1.66666666666667,-1
531,URLLC,9.99002537099953,3.07571986950741,0.577899923166126,6,119,10,PF,25,8,1.66500422849992,-1
532,URLLC,14.0099746290005,3.37934936960729,0.560382207681941,6,119,14.0099746290005,PF,25,8,2.33499577150008,-1
533,URLLC,10.9900253709995,4.66583392626185,0.551939569892475,6,119,11,PF,25,8,1.83167089516659,-1
534,URLLC,9.00997462900047,8.20515053571743,0.326953547831575,6,119,9.00997462900047,PF,25,8,1.50166243816674,-1
535,URLLC,10,5.2677536129788,0.432771685837262,6,119,10,PF,25,8,1.66666666666667,-1
536,URLLC,18.0811771655693,6.23326018673819,0.558961995500941,6,119,19,PF,25,8,3.01352952759488,-1
537,URLLC,17.3277551233957,3.06708691537452,0.634595663906033,6,119,17.9188228344307,PF,25,8,2.88795918723261,-1
538,URLLC,12.591067711035,4.56245895177576,0.481900207427976,6,119,12.591067711035,PF,25,8,2.09851128517251,-1
539,URLLC,12.5281621514748,3.66181500393309,0.645984822563648,6,119,13,PF,25,8,2.08802702524581,-1
540,URLLC,10.4718378485252,4.47701601466505,0.558894497620713,6,119,10.4718378485252,PF,25,8,1.74530630808753,-1
541,URLLC,39,11.9601397782999,0.428215480163017,6,171,39,RR,31,2,6.5,-2
542,URLLC,23,10.4084837339487,0.4037436219313,6,171,23,RR,31,2,3.83333333333333,-2
543,URLLC,32,9.22549750065622,0.491911411969467,6,171,32,RR,31,2,5.33333333333333,-2
544,URLLC,31,11.1180696418721,0.441323207366411,6,171,31,RR,31,2,5.16666666666667,-2
545,URLLC,27,12.0790361914101,0.342557161973364,6,171,27,RR,31,2,4.5,-2
546,URLLC,22,9.64858446172364,0.404747073249921,6,171,22,RR,31,2,3.66666666666667,-2
547,URLLC,27,11.0691323960003,0.40894528876302,6,171,27,RR,31,2,4.5,-2
548,URLLC,17,11.8122755367985,0.353084543755246,6,171,17,RR,31,2,2.83333333333333,-2
549,URLLC,27,12.1669589327524,0.412971928341362,6,171,27,RR,31,2,4.5,-2
550,URLLC,29,9.85641027770661,0.476814009450868,6,171,29,RR,31,2,4.83333333333333,-2
551,URLLC,22.2588571727539,8.86289058668541,0.550628536712248,6,171,23,RR,31,2,3.70980952879232,-2
552,URLLC,30.7411428272461,14.6483571363466,0.430294256004498,6,171,30.7411428272461,RR,31,2,5.12352380454101,-2
553,URLLC,35,11.0383486187291,0.492918904695489,6,171,35,RR,31,2,5.83333333333333,-2
554,URLLC,30.2588571727539,10.0171532921822,0.608636340882869,6,171,32,RR,31,2,5.04314286212565,-2
555,URLLC,26.7411428272461,11.2886416342119,0.44814938924801,6,171,26.7411428272461,RR,31,2,4.45685713787435,-2
556,URLLC,27.2588571727539,9.83851541802352,0.603781687963419,6,171,29,RR,31,2,4.54314286212565,-2
557,URLLC,35.7411428272461,10.85453832868,0.412393348968814,6,171,35.7411428272461,RR,31,2,5.95685713787434,-2
558,URLLC,28,10.757382615741,0.455330967224175,6,171,28,RR,31,2,4.66666666666667,-2
559,URLLC,36,11.5300226533364,0.449704827039769,6,171,36,RR,31,2,6,-2
560,URLLC,30,11.2572836172886,0.424382179469109,6,171,30,RR,31,2,5,-2
561,URLLC,4,8.59489668987526,0.196548334103493,6,197,4,RR,30,6,0.666666666666667,1
562,URLLC,6,8.57988937563999,0.150165589394416,6,197,6,RR,30,6,1,1
563,URLLC,8,9.33650693037027,0.22162293993477,6,197,8,RR,30,6,1.33333333333333,1
564,URLLC,7,9.10714986152423,0.207499046481623,6,197,7,RR,30,6,1.16666666666667,1
565,URLLC,6,9.39099557730768,0.151047416650464,6,197,6,RR,30,6,1,1
566,URLLC,7,8.9601970418636,0.206646843782212,6,197,7,RR,30,6,1.16666666666667,1
567,URLLC,6,8.86830205560314,0.208707834372628,6,197,6,RR,30,6,1,1
568,URLLC,7,9.77145849433481,0.236536336897476,6,197,7,RR,30,6,1.16666666666667,1
569,URLLC,7,9.78398711790461,0.290835045241692,6,197,7,RR,30,6,1.16666666666667,1
570,URLLC,4,11.9037866381412,0.189501615231365,6,197,4,RR,30,6,0.666666666666667,1
571,URLLC,8,10.4398552294833,0.218505948897532,6,197,8,RR,30,6,1.33333333333333,1
572,URLLC,6,9.42882134205101,0.19778648087159,6,197,6,RR,30,6,1,1
573,URLLC,3,10.61534908481,0.101304663955752,6,197,3,RR,30,6,0.5,1
574,URLLC,3,9.98563646548153,0.0506082066499256,6,197,3,RR,30,6,0.5,1
575,URLLC,2,9.2862685992766,0.0951302582095886,6,197,2,RR,30,6,0.333333333333333,1
576,URLLC,11,10.1695718950966,0.254403290838346,6,197,11,RR,30,6,1.83333333333333,1
577,URLLC,9,13.1364813315265,0.286899419836118,6,197,9,RR,30,6,1.5,1
578,URLLC,8,10.1408843577641,0.248368065431945,6,197,8,RR,30,6,1.33333333333333,1
579,URLLC,5,9.45500599576195,0.145479727281057,6,197,5,RR,30,6,0.833333333333333,1
580,URLLC,10,10.1483077266,0.306526084849013,6,197,10,RR,30,6,1.66666666666667,1
581,URLLC,7,6.29180095827828,0.238521041078263,6,168,7,PF,27,2,1.16666666666667,2
582,URLLC,3,7.57607384623956,0.118661930925387,6,168,3,PF,27,2,0.5,2
583,URLLC,4,9.26919787360436,0.146353289363802,6,168,4,PF,27,2,0.666666666666667,2
584,URLLC,9,7.57995635638512,0.286595891777138,6,168,9,PF,27,2,1.5,2
585,URLLC,3,5.63573189513591,0.111954234253373,6,168,3,PF,27,2,0.5,2
586,URLLC,9,6.41538956940818,0.372802413999093,6,168,9,PF,27,2,1.5,2
587,URLLC,8,5.92049059185931,0.319021389962186,6,168,8,PF,27,2,1.33333333333333,2
588,URLLC,10,5.24320823991831,0.40981685667278,6,168,10,PF,27,2,1.66666666666667,2
589,URLLC,11.3860355193993,6.21519924415908,0.559105048732963,6,168,12,PF,27,2,1.89767258656656,2
590,URLLC,8.61396448060066,6.15544161535808,0.283977229367383,6,168,8.61396448060066,PF,27,2,1.43566074676678,2
591,URLLC,5,6.05938606036616,0.338408469489026,6,168,5,PF,27,2,0.833333333333333,2
592,URLLC,3,7.30697626713062,0.168053992269938,6,168,3,PF,27,2,0.5,2
593,URLLC,5,6.76446510788489,0.172851954485597,6,168,5,PF,27,2,0.833333333333333,2
594,URLLC,6,4.78749085155475,0.267109389273799,6,168,6,PF,27,2,1,2
595,URLLC,8,5.6399032573462,0.39644450509891,6,168,8,PF,27,2,1.33333333333333,2
596,URLLC,6,7.84159792650137,0.232903923130763,6,168,6,PF,27,2,1,2
597,URLLC,7,5.81546779608355,0.297234417889079,6,168,7,PF,27,2,1.16666666666667,2
598,URLLC,2,8.58341150514848,0.121045389330496,6,168,2,PF,27,2,0.333333333333333,2
599,URLLC,15,6.78734286555879,0.309872277750675,6,168,15,PF,27,2,2.5,2
600,URLLC,4,5.89814203017531,0.205058537250893,6,168,4,PF,27,2,0.666666666666667,2
601,URLLC,18,8.5541668379976,0.623789187850872,6,77,18,RR,29,0,3,-5
602,URLLC,23.6055303152401,7.74162320357697,0.937246652531312,6,77,26,RR,29,0,3.93425505254001,-5
603,URLLC,22.3944696847599,8.72227610119088,0.629439945582142,6,77,22.3944696847599,RR,29,0,3.73241161412665,-5
604,URLLC,26.68,10.5406032849664,0.739537303751514,6,77,29,RR,29,0,4.44666666666667,-5
605,URLLC,18.32,8.93025501890276,0.53340393733747,6,77,18.32,RR,29,0,3.05333333333333,-5
606,URLLC,21,7.4596512524421,0.582560521023427,6,77,21,RR,29,0,3.5,-5
607,URLLC,12,8.98143326415718,0.461451070765633,6,77,12,RR,29,0,2,-5
608,URLLC,22,8.98452251103668,0.572053490787304,6,77,22,RR,29,0,3.66666666666667,-5
609,URLLC,14,9.72592713219849,0.326251272748469,6,77,14,RR,29,0,2.33333333333333,-5
610,URLLC,17,8.8756514088323,0.496458283609573,6,77,17,RR,29,0,2.83333333333333,-5
611,URLLC,17.68,8.3025811430407,0.664246198664404,6,77,19,RR,29,0,2.94666666666667,-5
612,URLLC,17.32,8.61518319081223,0.59815827326328,6,77,17.32,RR,29,0,2.88666666666667,-5
613,URLLC,15,10.222690670162,0.438944866029027,6,77,15,RR,29,0,2.5,-5
614,URLLC,14,8.62962059096443,0.470553512474798,6,77,14,RR,29,0,2.33333333333333,-5
615,URLLC,14,6.9505131846879,0.636227804848652,6,77,14,RR,29,0,2.33333333333333,-5
616,URLLC,15,9.67065505098996,0.497887685432239,6,77,15,RR,29,0,2.5,-5
617,URLLC,18,9.91998515843018,0.507765530049736,6,77,18,RR,29,0,3,-5
618,URLLC,14,9.35680117317257,0.493509023775676,6,77,14,RR,29,0,2.33333333333333,-5
619,URLLC,22,9.42966244883088,0.581751999206866,6,77,22,RR,29,0,3.66666666666667,-5
620,URLLC,12,9.12630194930197,0.36890567944047,6,77,12,RR,29,0,2,-5
621,URLLC,18,7.14448633055921,0.605163901152857,6,71,18,RR,26,16,3,1
622,URLLC,21,4.88555233570223,0.770121795173636,6,71,21,RR,26,16,3.5,1
623,URLLC,18.0886117984533,7.08235405935426,0.819052676041617,6,71,20,RR,26,16,3.01476863307556,1
624,URLLC,15.0487062993416,7.93738057051634,0.756106568841749,6,71,17.9113882015467,RR,26,16,2.50811771655693,1
625,URLLC,17.0487062993416,7.42811134202961,0.693399451049429,6,71,18.8626819022051,RR,26,16,2.84145104989026,1
626,URLLC,12.3966530740374,4.87539872784882,1.13255110986538,6,71,16.8139756028635,RR,26,16,2.0661088456729,1
627,URLLC,12.0886117984533,6.6434702281317,0.894713438451175,6,71,16,RR,26,16,2.01476863307556,1
628,URLLC,16.0487062993416,5.13672670513204,0.817308930967267,6,71,17,RR,26,16,2.6747843832236,1
629,URLLC,19.3966530740374,5.01536391460907,1.08970310171784,6,71,21.9512937006584,RR,26,16,3.23277551233957,1
630,URLLC,12.9656035902265,5.16781410755847,1.07999662466465,6,71,17.554640626621,RR,26,16,2.16093393170441,1
631,URLLC,16.4797557831525,6.24185809930359,0.999758304256809,6,71,19.5890370363945,RR,26,16,2.74662596385875,1
632,URLLC,17.0487062993416,6.40619682597801,0.835343047674881,6,71,19,RR,26,16,2.84145104989026,1
633,URLLC,17.3966530740374,5.89781654089079,1.10370934900543,6,71,20.9512937006584,RR,26,16,2.89944217900623,1
634,URLLC,20.0886117984533,7.23037893515198,1.11567102394072,6,71,25,RR,26,16,3.34810196640889,1
635,URLLC,20.0886117984533,6.0780967995094,0.938430289918712,6,71,23,RR,26,16,3.34810196640889,1
636,URLLC,20.7166530740374,5.88070699319931,1.26196422467084,6,71,26,RR,26,16,3.45277551233957,1
637,URLLC,15.7686117984533,5.84227365661355,1.15938716649069,6,71,22.2833469259626,RR,26,16,2.62810196640889,1
638,URLLC,25.0886117984533,6.89920686723489,1.13935217910778,6,71,30,RR,26,16,4.18143529974222,1
639,URLLC,10.0055090893382,5.09826010482667,1.34772425909073,6,71,16,RR,26,16,1.66758484822304,1
640,URLLC,19.1318090084567,5.86459413786636,0.932852724171586,6,71,21.9944909106618,RR,26,16,3.18863483474278,1
641,URLLC,10,14.3102883543506,0.284349563546403,6,145,10,PF,35,9,1.66666666666667,-2
642,URLLC,13,15.7963276517458,0.31086388767563,6,145,13,PF,35,9,2.16666666666667,-2
643,URLLC,8,15.6318533991922,0.200232844706909,6,145,8,PF,35,9,1.33333333333333,-2
644,URLLC,10,12.995369255008,0.271398897435721,6,145,10,PF,35,9,1.66666666666667,-2
645,URLLC,9.83379458176981,11.0623926798703,0.72732140683553,7,145,13.9781749730307,PF,35,9,1.40482779739569,-2
646,URLLC,22,12.6429523180996,0.393525927115619,7,145,22,PF,35,9,3.14285714285714,-2
647,URLLC,13,14.4314392531984,0.317650616810459,7,145,13,PF,35,9,1.85714285714286,-2
648,URLLC,18,11.9053725999024,0.32925872047514,7,145,18,PF,35,9,2.57142857142857,-2
649,URLLC,5,12.949739055664,0.213640357483355,7,145,5,PF,35,9,0.714285714285714,-2
650,URLLC,10,14.0693071373535,0.299057888326966,7,145,10,PF,35,9,1.42857142857143,-2
651,URLLC,20,13.3849539113254,0.357052330180293,7,145,20,PF,35,9,2.85714285714286,-2
652,URLLC,13,11.5048020552616,0.281098555581122,7,145,13,PF,35,9,1.85714285714286,-2
653,URLLC,14,11.4369556113586,0.35068697777853,7,145,14,PF,35,9,2,-2
654,URLLC,14,13.8265531455142,0.321620312124521,7,145,14,PF,35,9,2,-2
655,URLLC,9,11.6085878790403,0.259410974332441,7,145,9,PF,35,9,1.28571428571429,-2
656,URLLC,21,15.8856131942398,0.35998856704099,7,145,21,PF,35,9,3,-2
657,URLLC,15,13.5166493157546,0.317833464547102,7,145,15,PF,35,9,2.14285714285714,-2
658,URLLC,9,15.2157616183129,0.239532954975505,7,145,9,PF,35,9,1.28571428571429,-2
659,URLLC,17,15.198870608144,0.334375569760113,7,145,17,PF,35,9,2.42857142857143,-2
660,URLLC,13,12.6226279100539,0.280908977985106,7,145,13,PF,35,9,1.85714285714286,-2
661,URLLC,35.3101412945867,4.69737737949651,0.868022472758584,7,152,37,RR,27,9,5.04430589922667,-5
662,URLLC,27.0992135268588,5.1614485669715,1.24210161259285,7,152,38.6898587054133,RR,27,9,3.87131621812268,-5
663,URLLC,34.8882857591309,6.23326223052031,1.69961676194431,7,152,50.5906451785545,RR,27,9,4.98404082273299,-5
664,URLLC,32.0992135268588,4.49221245131213,1.27888060939965,7,152,42,RR,27,9,4.5856019324084,-5
665,URLLC,23.6550706472933,6.52492832381008,0.851437249892228,6,152,29,RR,27,9,3.94251177454889,-5
666,URLLC,16,7.66724259590951,0.395596295236079,5,152,16,RR,27,9,3.2,-5
667,URLLC,23,10.7218665044838,0.411136942637732,5,152,23,RR,27,9,4.6,-5
668,URLLC,24.2922432272123,6.57066475660677,0.817426354263204,5,152,27,RR,27,9,4.85844864544245,-5
669,URLLC,19.2215294961333,6.59982893168205,0.763549935962837,5,152,24.7077567727877,RR,27,9,3.84430589922667,-5
670,URLLC,26.4862272766544,10.6908741267941,0.438672640967914,5,152,26.4862272766544,RR,27,9,5.29724545533088,-5
671,URLLC,23,8.78416902695242,0.426266537770336,5,152,23,RR,27,9,4.6,-5
672,URLLC,24,9.87267702712342,0.447549408016112,5,152,24,RR,27,9,4.8,-5
673,URLLC,23,8.16972231201819,0.466403155543518,5,152,23,RR,27,9,4.6,-5
674,URLLC,22,9.6282397588628,0.474606587580072,5,152,22,RR,27,9,4.4,-5
675,URLLC,21,9.63507449886176,0.446860185786731,5,152,21,RR,27,9,4.2,-5
676,URLLC,31,10.6126387040851,0.431515767612776,5,152,31,RR,27,9,6.2,-5
677,URLLC,28,8.95618267694215,0.515067604325177,5,152,28,RR,27,9,5.6,-5
678,URLLC,25,9.43795802709459,0.424119937430572,5,152,25,RR,27,9,5,-5
679,URLLC,27,7.82111717753984,0.605096346380103,5,152,27,RR,27,9,5.4,-5
680,URLLC,22,7.96439428060343,0.428746313305488,5,152,22,RR,27,9,4.4,-5
681,URLLC,10,7.75052024267232,0.244776740443,5,164,10,RR,26,12,2,-4
682,URLLC,10,8.23001455523739,0.241569498802462,5,164,10,RR,26,12,2,-4
683,URLLC,12,6.49039033213707,0.346101335557669,5,164,12,RR,26,12,2.4,-4
684,URLLC,14.7436824457467,5.98919521155308,0.529809705691526,5,164,15,RR,26,12,2.94873648914934,-4
685,URLLC,3.25631755425332,7.14547889540659,0.19240578466073,5,164,3.25631755425332,RR,26,12,0.651263510850664,-4
686,URLLC,11,8.88474801619587,0.315768636160575,5,164,11,RR,26,12,2.2,-4
687,URLLC,13,6.98442380515468,0.370939258221149,5,164,13,RR,26,12,2.6,-4
688,URLLC,5,9.38848079160427,0.23515461388903,5,164,5,RR,26,12,1,-4
689,URLLC,8,9.84104364883171,0.293646702590433,5,164,8,RR,26,12,1.6,-4
690,URLLC,10,6.74052345362719,0.224272389159749,5,164,10,RR,26,12,2,-4
691,URLLC,10,8.57284556879008,0.330177050727533,5,164,10,RR,26,12,2,-4
692,URLLC,11,6.49199828925372,0.37302709168168,5,164,11,RR,26,12,2.2,-4
693,URLLC,4,8.89602320682757,0.176152286867312,5,164,4,RR,26,12,0.8,-4
694,URLLC,4,9.5585400784261,0.175746585639138,5,164,4,RR,26,12,0.8,-4
695,URLLC,9,8.10995900222193,0.313575626498166,5,164,9,RR,26,12,1.8,-4
696,URLLC,6,8.02731049770257,0.193167196122853,5,164,6,RR,26,12,1.2,-4
697,URLLC,8,7.30023233767691,0.265531844247986,5,164,8,RR,26,12,1.6,-4
698,URLLC,13,7.89494431488253,0.277074477899176,5,164,13,RR,26,12,2.6,-4
699,URLLC,10,5.87750158811392,0.306483178101086,5,164,10,RR,26,12,2,-4
700,URLLC,9,7.17295597218424,0.331613133715453,5,164,9,RR,26,12,1.8,-4
701,URLLC,14,11.8487452577602,0.346829539584167,5,147,14,PF,28,4,2.8,2
702,URLLC,28,10.2468107056767,0.462419580387248,5,147,28,PF,28,4,5.6,2
703,URLLC,14,9.47863706866387,0.371447745220969,5,147,14,PF,28,4,2.8,2
704,URLLC,21,9.90732857906808,0.426016884711101,5,147,21,PF,28,4,4.2,2
705,URLLC,24,11.8801760199275,0.402734918008918,5,147,24,PF,28,4,4.8,2
706,URLLC,27,9.90767782542579,0.503740186120658,5,147,27,PF,28,4,5.4,2
707,URLLC,24,11.3112023849294,0.413733249828559,5,147,24,PF,28,4,4.8,2
708,URLLC,20,11.3896613034678,0.370917990592947,5,147,20,PF,28,4,4,2
709,URLLC,19,8.52437106970227,0.395954864290506,5,147,19,PF,28,4,3.8,2
710,URLLC,19,11.273817966875,0.385772833120782,5,147,19,PF,28,4,3.8,2
711,URLLC,20,6.98963523883442,0.472515258733201,5,147,20,PF,28,4,4,2
712,URLLC,15,9.27972205961414,0.320030358747019,5,147,15,PF,28,4,3,2
713,URLLC,23,10.2324977776265,0.410511328638177,5,147,23,PF,28,4,4.6,2
714,URLLC,21,11.6094418385329,0.438357385373554,5,147,21,PF,28,4,4.2,2
715,URLLC,17,10.1122270080989,0.357030388833538,5,147,17,PF,28,4,3.4,2
716,URLLC,13,10.0750941074899,0.359129639972803,5,147,13,PF,28,4,2.6,2
717,URLLC,17,8.38976711612102,0.411043128168628,5,147,17,PF,28,4,3.4,2
718,URLLC,14.0474785129289,8.28374468551877,0.662454106975403,5,147,18,PF,28,4,2.80949570258578,2
719,URLLC,18.9525214870711,6.18663594365836,0.523802213834848,5,147,18.9525214870711,PF,28,4,3.79050429741422,2
720,URLLC,16,9.6587662402647,0.363919834770843,5,147,16,PF,28,4,3.2,2
721,URLLC,4,9.95414756560484,0.195086470418926,5,73,4,RR,28,15,0.8,-3
722,URLLC,6,10.2377266555195,0.200667312220032,5,73,6,RR,28,15,1.2,-3
723,URLLC,2,10.1363223257893,0.125298757978588,5,73,2,RR,28,15,0.4,-3
724,URLLC,5,10.315817155899,0.253309307494098,5,73,5,RR,28,15,1,-3
725,URLLC,4,10.208870921986,0.126310495504784,5,73,4,RR,28,15,0.8,-3
726,URLLC,4,9.7222841048145,0.21500398353206,5,73,4,RR,28,15,0.8,-3
727,URLLC,4,12.1359082600024,0.188279857562796,5,73,4,RR,28,15,0.8,-3
728,URLLC,8,11.0067718543856,0.353715127109534,5,73,8,RR,28,15,1.6,-3
729,URLLC,7,9.91784656915866,0.238995355755191,5,73,7,RR,28,15,1.4,-3
730,URLLC,2,11.0750807024484,0.146094167529032,5,73,2,RR,28,15,0.4,-3
731,URLLC,3,11.5037428795981,0.183306126425631,5,73,3,RR,28,15,0.6,-3
732,URLLC,4,10.5537546941874,0.20172036440286,5,73,4,RR,28,15,0.8,-3
733,URLLC,4,12.5367408550901,0.212595596741831,5,73,4,RR,28,15,0.8,-3
734,URLLC,6,8.71421040305592,0.382258989186803,5,73,6,RR,28,15,1.2,-3
735,URLLC,5,9.32348187277723,0.20366354513025,5,73,5,RR,28,15,1,-3
736,URLLC,6,10.2768113846071,0.271961261315392,5,73,6,RR,28,15,1.2,-3
737,URLLC,3,10.1094708328561,0.152224554464025,5,73,3,RR,28,15,0.6,-3
738,URLLC,7,10.449439033659,0.208689301153688,5,73,7,RR,28,15,1.4,-3
739,URLLC,1,11.3203847622879,0.0718970527974734,5,73,1,RR,28,15,0.2,-3
740,URLLC,3,9.92690244731201,0.157621747385306,5,73,3,RR,28,15,0.6,-3
741,URLLC,26.905327535545,10.4851525477749,0.741990188356062,5,72,28,RR,30,20,5.38106550710899,-5
742,URLLC,28.094672464455,10.9053243175899,0.641446585207704,5,72,28.094672464455,RR,30,20,5.61893449289101,-5
743,URLLC,22,11.2399419767222,0.553313175976323,5,72,22,RR,30,20,4.4,-5
744,URLLC,23.905327535545,11.5651745456329,0.601497063994807,5,72,24,RR,30,20,4.78106550710899,-5
745,URLLC,23.094672464455,13.8757839372439,0.492405741672613,5,72,23.094672464455,RR,30,20,4.61893449289101,-5
746,URLLC,22,11.2953592888386,0.511355183523563,5,72,22,RR,30,20,4.4,-5
747,URLLC,18,10.0730522066045,0.614879660377241,5,72,18,RR,30,20,3.6,-5
748,URLLC,23,12.1830392360625,0.545265530656441,5,72,23,RR,30,20,4.6,-5
749,URLLC,21,10.6191377101067,0.541061864100896,5,72,21,RR,30,20,4.2,-5
750,URLLC,28,14.1876555621278,0.529069119521255,5,72,28,RR,30,20,5.6,-5
751,URLLC,23,12.1520090343561,0.507894836875862,5,72,23,RR,30,20,4.6,-5
752,URLLC,23,12.5595666486923,0.504533101838515,5,72,23,RR,30,20,4.6,-5
753,URLLC,16,11.392175992998,0.4128660958527,5,72,16,RR,30,20,3.2,-5
754,URLLC,26,12.4133612140002,0.52217831488385,5,72,26,RR,30,20,5.2,-5
755,URLLC,24,11.6524245600962,0.61416260090949,5,72,24,RR,30,20,4.8,-5
756,URLLC,23,10.403404722318,0.585715288874079,5,72,23,RR,30,20,4.6,-5
757,URLLC,14,12.0391403906916,0.397494394962163,5,72,14,RR,30,20,2.8,-5
758,URLLC,21,13.1115152926244,0.475330704338254,5,72,21,RR,30,20,4.2,-5
759,URLLC,31.1337208041552,9.76163696217216,0.762467241133787,5,72,34,RR,30,20,6.22674416083103,-5
760,URLLC,25.8662791958448,14.6540589149952,0.566630852233233,5,72,25.8662791958448,RR,30,20,5.17325583916897,-5
761,URLLC,11,16.3612163496035,0.348024720672674,5,72,11,PF,35,13,2.2,-1
762,URLLC,9,18.0069920368408,0.267581206950742,5,72,9,PF,35,13,1.8,-1
763,URLLC,10,16.9213329019178,0.271162354482205,5,72,10,PF,35,13,2,-1
764,URLLC,15,15.2287604742143,0.412007657905322,5,72,15,PF,35,13,3,-1
765,URLLC,12,17.116235675693,0.352028412585654,5,72,12,PF,35,13,2.4,-1
766,URLLC,8,17.5877385724547,0.309974185827821,5,72,8,PF,35,13,1.6,-1
767,URLLC,7,15.0469951490596,0.25968457177355,5,72,7,PF,35,13,1.4,-1
768,URLLC,8,18.5645972761708,0.263893891667457,5,72,8,PF,35,13,1.6,-1
769,URLLC,7,16.1852437192245,0.276267688253395,5,72,7,PF,35,13,1.4,-1
770,URLLC,13.4950126854998,13.2812912206484,1.6770637027918,6,72,17,PF,35,13,2.24916878091663,-1
771,URLLC,13,13.9373272162323,0.404121554946095,6,72,13,PF,35,13,2.16666666666667,-1
772,URLLC,9,15.6639862865312,0.300449124135155,6,72,9,PF,35,13,1.5,-1
773,URLLC,14,15.0824025611658,0.357235400379844,6,72,14,PF,35,13,2.33333333333333,-1
774,URLLC,16,14.5240349633743,0.432622809393592,6,72,16,PF,35,13,2.66666666666667,-1
775,URLLC,7,13.8916462942563,0.285999534205603,6,72,7,PF,35,13,1.16666666666667,-1
776,URLLC,8,16.4845168627621,0.322862426309522,6,72,8,PF,35,13,1.33333333333333,-1
777,URLLC,14,16.2999745432441,0.350589047786698,6,72,14,PF,35,13,2.33333333333333,-1
778,URLLC,14.5940152225997,10.7299520454734,1.34810444468223,7,72,18,PF,35,13,2.08485931751425,-1
779,URLLC,15,12.3645582255924,0.445772186393442,7,72,15,PF,35,13,2.14285714285714,-1
780,URLLC,18,14.8652283583616,0.408003258527669,7,72,18,PF,35,13,2.57142857142857,-1
781,URLLC,26,12.8323995824896,0.476847696091652,7,81,26,RR,33,5,3.71428571428571,1
782,URLLC,16,11.9657399476371,0.406645675474704,7,81,16,RR,33,5,2.28571428571429,1
783,URLLC,22,11.5894671629166,0.485126654148605,7,81,22,RR,33,5,3.14285714285714,1
784,URLLC,16,12.2467317467288,0.359507840080413,7,81,16,RR,33,5,2.28571428571429,1
785,URLLC,24,12.5557563085554,0.445942873380478,7,81,24,RR,33,5,3.42857142857143,1
786,URLLC,30.0749127589307,10.6256422222275,1.28575802209757,7,81,37,RR,33,5,4.29641610841868,1
787,URLLC,29.1453491743463,10.5757169883838,0.730744961676976,7,81,29.9250872410693,RR,33,5,4.1636213106209,1
788,URLLC,22.220261933277,10.3512826063321,0.855025056882397,7,81,26.779738066723,RR,33,5,3.17432313332529,1
789,URLLC,16.559476133446,11.2901512905977,0.473271412553716,7,81,16.559476133446,RR,33,5,2.36563944763514,1
790,URLLC,19,11.748308439927,0.46881853234742,7,81,19,RR,33,5,2.71428571428571,1
791,URLLC,13.7946474410631,10.1349617014476,0.536870992459331,7,81,16,RR,33,5,1.97066392015187,1
792,URLLC,21.2053525589369,12.4322006405317,0.537352358351626,7,81,21.2053525589369,RR,33,5,3.02933607984813,1
793,URLLC,27,11.6636974437438,0.641846750072491,7,81,27,RR,33,5,3.85714285714286,1
794,URLLC,26,12.0097034266263,0.543279824281273,7,81,26,RR,33,5,3.71428571428571,1
795,URLLC,21,10.1428660396096,0.546139641391035,7,81,21,RR,33,5,3,1
796,URLLC,23.96,11.6559891723102,0.579766540470479,7,81,24,RR,33,5,3.42285714285714,1
797,URLLC,21.04,12.0838055587312,0.509730070949517,7,81,21.04,RR,33,5,3.00571428571429,1
798,URLLC,25,12.0657029339294,0.553577165734513,7,81,25,RR,33,5,3.57142857142857,1
799,URLLC,16.96,10.7304569174021,0.486569071824138,7,81,17,RR,33,5,2.42285714285714,1
800,URLLC,21.04,10.2026714656693,0.571567184527049,7,81,21.04,RR,33,5,3.00571428571429,1
801,URLLC,24,13.2394377034691,0.361147604570809,7,144,24,RR,35,12,3.42857142857143,3
802,URLLC,26,13.073173965258,0.413492797647186,7,144,26,RR,35,12,3.71428571428571,3
803,URLLC,23,15.0161486909258,0.371718615325626,7,144,23,RR,35,12,3.28571428571429,3
804,URLLC,17,14.5556451027456,0.355066051300999,7,144,17,RR,35,12,2.42857142857143,3
805,URLLC,24,15.2680281187454,0.388923381952637,7,144,24,RR,35,12,3.42857142857143,3
806,URLLC,16,13.8593812291798,0.336824698038815,7,144,16,RR,35,12,2.28571428571429,3
807,URLLC,16,13.8640202195721,0.302795034748176,7,144,16,RR,35,12,2.28571428571429,3
808,URLLC,21,12.7313800535934,0.327824337883255,7,144,21,RR,35,12,3,3
809,URLLC,28,12.2527188569386,0.417258940338085,7,144,28,RR,35,12,4,3
810,URLLC,16,12.5643120101248,0.295629902693924,7,144,16,RR,35,12,2.28571428571429,3
811,URLLC,24,13.4679532975704,0.426547196639677,7,144,24,RR,35,12,3.42857142857143,3
812,URLLC,25,14.9297696000885,0.381477049893185,7,144,25,RR,35,12,3.57142857142857,3
813,URLLC,22,14.7225633364663,0.384030691633011,7,144,22,RR,35,12,3.14285714285714,3
814,URLLC,25,14.4528803411321,0.406140417519282,7,144,25,RR,35,12,3.57142857142857,3
815,URLLC,19,11.3162000756595,0.412779935702953,7,144,19,RR,35,12,2.71428571428571,3
816,URLLC,27,14.5681142193993,0.403952191872306,7,144,27,RR,35,12,3.85714285714286,3
817,URLLC,13,11.118364947271,0.340350521390017,7,144,13,RR,35,12,1.85714285714286,3
818,URLLC,18,15.8908508602433,0.357501950779363,7,144,18,RR,35,12,2.57142857142857,3
819,URLLC,20,15.2550338554503,0.366207817951685,7,144,20,RR,35,12,2.85714285714286,3
820,URLLC,25,14.2889596097681,0.362882139888833,7,144,25,RR,35,12,3.57142857142857,3
821,URLLC,16.4810196640889,5.88117747035276,0.579034060304067,7,143,18,PF,27,13,2.35443138058413,3
822,URLLC,18.5189803359111,4.77633945153527,0.569117792751998,7,143,18.5189803359111,PF,27,13,2.64556861941587,3
823,URLLC,14,5.52749289761901,0.501762337642229,7,143,14,PF,27,13,2,3
824,URLLC,10.9900253709995,4.27232319631975,0.439325016672768,7,143,11,PF,27,13,1.5700036244285,3
825,URLLC,10.9900253709995,4.31488823158165,0.505412193645199,7,143,11.0099746290005,PF,27,13,1.5700036244285,3
826,URLLC,15.0199492580009,5.66775272475064,0.430772500007666,7,143,15.0199492580009,PF,27,13,2.14570703685728,3
827,URLLC,10.3277551233957,5.60474792855605,0.46704870857088,7,143,12,PF,27,13,1.47539358905652,3
828,URLLC,13.3277551233957,4.59503962932607,0.64813664683741,7,143,14.6722448766043,PF,27,13,1.90396501762795,3
829,URLLC,14,8.25158008452068,0.442155223878657,6,143,14,PF,27,13,2.33333333333333,3
830,URLLC,16,7.65625808253737,0.429758683554124,6,143,16,PF,27,13,2.66666666666667,3
831,URLLC,15,7.74198311222578,0.421787050694794,6,143,15,PF,27,13,2.5,3
832,URLLC,13,9.38870658355449,0.312609980598204,6,143,13,PF,27,13,2.16666666666667,3
833,URLLC,10,8.82461632963295,0.302682013135058,6,143,10,PF,27,13,1.66666666666667,3
834,URLLC,9,7.92901520068283,0.280187491850906,6,143,9,PF,27,13,1.5,3
835,URLLC,10,8.93930130016746,0.292035231749593,6,143,10,PF,27,13,1.66666666666667,3
836,URLLC,16,6.60771493017126,0.434454061332447,6,143,16,PF,27,13,2.66666666666667,3
837,URLLC,7,8.22777006626498,0.282926808439811,6,143,7,PF,27,13,1.16666666666667,3
838,URLLC,3,8.40013361086067,0.115266545719102,6,143,3,PF,27,13,0.5,3
839,URLLC,9,5.03004127516539,0.368231298268134,6,143,9,PF,27,13,1.5,3
840,URLLC,8,7.36016551969724,0.216511344263652,6,143,8,PF,27,13,1.33333333333333,3
841,URLLC,26,13.507114164214,0.474864194632455,6,83,26,RR,35,15,4.33333333333333,-2
842,URLLC,35,16.4195294961662,0.488326839328751,6,83,35,RR,35,15,5.83333333333333,-2
843,URLLC,32,15.7420056743462,0.515950491837461,6,83,32,RR,35,15,5.33333333333333,-2
844,URLLC,19,14.3027836917541,0.404862879713989,6,83,19,RR,35,15,3.16666666666667,-2
845,URLLC,19,14.654558876596,0.417316715932716,6,83,19,RR,35,15,3.16666666666667,-2
846,URLLC,42,14.8835414262428,0.596170337005758,6,83,42,RR,35,15,7,-2
847,URLLC,25,17.1191117309814,0.357514469361691,6,83,25,RR,35,15,4.16666666666667,-2
848,URLLC,36,16.4640929058959,0.472371546507444,6,83,36,RR,35,15,6,-2
849,URLLC,27,15.4067811796569,0.416432220056917,6,83,27,RR,35,15,4.5,-2
850,URLLC,37,18.0191195521219,0.508303786158457,6,83,37,RR,35,15,6.16666666666667,-2
851,URLLC,29,15.9296810500269,0.456762552818399,6,83,29,RR,35,15,4.83333333333333,-2
852,URLLC,25,15.1291114555479,0.501950805825648,6,83,25,RR,35,15,4.16666666666667,-2
853,URLLC,27.629428586377,12.1866700198118,1.04234071218561,7,83,33,RR,35,15,3.94706122662528,-2
854,URLLC,50.8289035464187,12.5335569627771,0.872084896921525,7,83,54,RR,35,15,7.26127193520267,-2
855,URLLC,43.1710964535813,12.9556871852799,0.640681734201855,7,83,43.1710964535813,RR,35,15,6.16729949336876,-2
856,URLLC,33,15.5156958400236,0.516567153155894,7,83,33,RR,35,15,4.71428571428571,-2
857,URLLC,31.0487062993416,12.1155112713334,0.670808414169601,7,83,32,RR,35,15,4.43552947133451,-2
858,URLLC,35.9512937006584,13.289357658884,0.613483614897841,7,83,35.9512937006584,RR,35,15,5.13589910009406,-2
859,URLLC,21,14.1473068997524,0.42401265774328,7,83,21,RR,35,15,3,-2
860,URLLC,37,15.040352028635,0.536468247960335,7,83,37,RR,35,15,5.28571428571429,-2
861,URLLC,18.8622040987165,2.29940209754257,0.777933623636437,7,112,19,RR,25,19,2.69460058553093,4
862,URLLC,21.5768360280707,3.47116298638054,1.45069578041919,7,112,26.1377959012835,RR,25,19,3.08240514686725,4
863,URLLC,24.0649417324554,5.11206397093351,0.80404337422839,7,112,26.5609598732127,RR,25,19,3.43784881892221,4
864,URLLC,19.5100011748152,1.79556703891169,1.92658483147775,7,112,30.4960181407573,RR,25,19,2.7871430249736,4
865,URLLC,23.6345731949977,2.70715247946871,1.11141590053199,7,112,28.9277128150936,RR,25,19,3.37636759928538,4
866,URLLC,25.9422628330731,2.8746992271605,1.51931297096593,7,112,31.3004850725469,RR,25,19,3.70603754758187,4
867,URLLC,18.6542243955162,3.2701627892728,2.48364566731442,7,112,34.2151842687289,RR,25,19,2.66488919935945,4
868,URLLC,26.1124131860908,2.62764090182417,2.62094038846434,7,112,45,RR,25,19,3.73034474087011,4
869,URLLC,19.9598739988157,6.92701784052292,0.814454616165455,6,112,23.1101165350891,RR,25,19,3.32664566646928,4
870,URLLC,29.0949796110561,6.12062344353081,0.957600355070711,6,112,32,RR,25,19,4.84916326850935,4
871,URLLC,27.0949796110561,6.07742933576021,0.916472209055235,6,112,29.9050203889439,RR,25,19,4.51582993517602,4
872,URLLC,20.26583539536,3.94424215922126,1.39044222914599,6,112,31,RR,25,19,3.37763923256,4
873,URLLC,26,6.39352224241662,1.08736205947479,6,112,32.73416460464,RR,25,19,4.33333333333333,4
874,URLLC,21.6680390600685,3.93299235523691,1.32235245534696,6,112,29,RR,25,19,3.61133984334474,4
875,URLLC,23.5219201620437,5.11410777535071,1.26821980679153,6,112,31.4269405509876,RR,25,19,3.92032002700729,4
876,URLLC,33.61291769768,3.61935881424325,1.17462318298086,6,112,39,RR,25,19,5.60215294961333,4
877,URLLC,21.2259771466924,4.06903188324184,0.822745477322733,6,112,23.52,RR,25,19,3.53766285778206,4
878,URLLC,22.61291769768,6.06992762170433,0.923316616911293,6,112,28.2940228533076,RR,25,19,3.76881961628,4
879,URLLC,20.4269405509876,5.83863252276756,0.904769657510891,6,112,24.6811051556276,RR,25,19,3.40449009183127,4
880,URLLC,17.26583539536,4.05956270374328,0.953333792015716,6,112,22,RR,25,19,2.87763923256,4
881,URLLC,16,10.2807009091255,0.787292447373951,6,107,20.73416460464,PF,30,9,2.66666666666667,3
882,URLLC,26,8.72837311564987,0.587395624890092,6,107,26,PF,30,9,4.33333333333333,3
883,URLLC,15,9.55959238312196,0.354104101985553,6,107,15,PF,30,9,2.5,3
884,URLLC,14,9.68443226415076,0.344000503410094,6,107,14,PF,30,9,2.33333333333333,3
885,URLLC,13,9.64495755405638,0.381728909591157,6,107,13,PF,30,9,2.16666666666667,3
886,URLLC,8,10.6062520404185,0.311079381156588,6,107,8,PF,30,9,1.33333333333333,3
887,URLLC,20,10.0440210101267,0.477690998841299,6,107,20,PF,30,9,3.33333333333333,3
888,URLLC,18.13291769768,10.7668748914679,0.647148986346918,6,107,20,PF,30,9,3.02215294961333,3
889,URLLC,16.86708230232,11.6617505368373,0.420358540302443,6,107,16.86708230232,PF,30,9,2.81118038372,3
890,URLLC,20,8.81848529902259,0.416827660288776,6,107,20,PF,30,9,3.33333333333333,3
891,URLLC,21,10.565175271407,0.413965332256505,6,107,21,PF,30,9,3.5,3
892,URLLC,24,8.74872183544073,0.543212438885744,6,107,24,PF,30,9,4,3
893,URLLC,22,10.8350185138331,0.492531222470084,6,107,22,PF,30,9,3.66666666666667,3
894,URLLC,18,9.08610119124104,0.477825204620897,6,107,18,PF,30,9,3,3
895,URLLC,24,11.1239760684107,0.455827736762357,6,107,24,PF,30,9,4,3
896,URLLC,19.13291769768,8.8364507534257,0.65900030524414,6,107,20,PF,30,9,3.18881961628,3
897,URLLC,17.86708230232,11.2365531174763,0.388480714966759,6,107,17.86708230232,PF,30,9,2.97784705038667,3
898,URLLC,13,11.2551625705847,0.378102730742609,6,107,13,PF,30,9,2.16666666666667,3
899,URLLC,16,10.8853406496797,0.376038848619274,6,107,16,PF,30,9,2.66666666666667,3
900,URLLC,16,9.04189588629633,0.377226211936778,6,107,16,PF,30,9,2.66666666666667,3
901,URLLC,8,15.3646575871537,0.25671596806097,6,86,8,RR,35,16,1.33333333333333,0
902,URLLC,7.06971350603239,11.0376306396373,0.461790884278786,7,86,8,RR,35,16,1.00995907229034,0
903,URLLC,2,12.9166098074505,0.0988824732357854,7,86,2,RR,35,16,0.285714285714286,0
904,URLLC,6,13.0065150245397,0.203958572326674,7,86,6,RR,35,16,0.857142857142857,0
905,URLLC,9,11.6673465117328,0.316598705644402,7,86,9,RR,35,16,1.28571428571429,0
906,URLLC,4,12.8432470836437,0.198972361021496,7,86,4,RR,35,16,0.571428571428571,0
907,URLLC,6,14.7294135059279,0.233159032127492,7,86,6,RR,35,16,0.857142857142857,0
908,URLLC,8,13.1994007523273,0.259824604914223,7,86,8,RR,35,16,1.14285714285714,0
909,URLLC,6,13.7520517335292,0.174721635328865,7,86,6,RR,35,16,0.857142857142857,0
910,URLLC,5,11.9556874393928,0.193339596323873,7,86,5,RR,35,16,0.714285714285714,0
911,URLLC,6,13.0643646803973,0.195665737608452,7,86,6,RR,35,16,0.857142857142857,0
912,URLLC,10,14.1255307958854,0.321012793957892,7,86,10,RR,35,16,1.42857142857143,0
913,URLLC,8,13.4829643327013,0.27899730677316,7,86,8,RR,35,16,1.14285714285714,0
914,URLLC,9,13.9002775850416,0.249366738267517,7,86,9,RR,35,16,1.28571428571429,0
915,URLLC,6,12.7339339369968,0.227270759718902,7,86,6,RR,35,16,0.857142857142857,0
916,URLLC,4,12.2933083388981,0.135489880885846,7,86,4,RR,35,16,0.571428571428571,0
917,URLLC,6,15.6540613000844,0.191190405231877,7,86,6,RR,35,16,0.857142857142857,0
918,URLLC,12,10.4035796490799,0.521496212285523,7,86,12,RR,35,16,1.71428571428571,0
919,URLLC,8,12.6018108171571,0.315421059002003,7,86,8,RR,35,16,1.14285714285714,0
920,URLLC,6,11.9807991870412,0.298071800153839,7,86,6,RR,35,16,0.857142857142857,0
921,URLLC,30.3715159410967,11.8248284788901,0.503556525680081,7,132,31,RR,34,18,4.33878799158525,-2
922,URLLC,32.6284840589033,12.1718367851699,0.463236915026204,7,132,32.6284840589033,RR,34,18,4.66121200841475,-2
923,URLLC,29.84,13.8070155999595,0.621110794606678,7,132,33,RR,34,18,4.26285714285714,-2
924,URLLC,39.16,12.2811367904182,0.506204026807412,7,132,39.16,RR,34,18,5.59428571428571,-2
925,URLLC,31,12.1898109769939,0.459898550549162,7,132,31,RR,34,18,4.42857142857143,-2
926,URLLC,25,12.987049037369,0.407524045308968,7,132,25,RR,34,18,3.57142857142857,-2
927,URLLC,39.8271183072908,11.9076763113266,0.650821162079967,7,132,43,RR,34,18,5.68958832961298,-2
928,URLLC,31.1728816927092,13.2601410376966,0.514858558033291,7,132,31.1728816927092,RR,34,18,4.45326881324417,-2
929,URLLC,38,13.0222378076168,0.554791819733773,7,132,38,RR,34,18,5.42857142857143,-2
930,URLLC,36,11.7542275574313,0.503382883841086,7,132,36,RR,34,18,5.14285714285714,-2
931,URLLC,43,13.5887545629668,0.509551202070175,7,132,43,RR,34,18,6.14285714285714,-2
932,URLLC,29.3069686808845,11.0356011381996,0.700077960700015,7,132,33,RR,34,18,4.18670981155492,-2
933,URLLC,41.6930313191155,12.2980291727532,0.587454453419176,7,132,41.6930313191155,RR,34,18,5.95614733130222,-2
934,URLLC,38,13.0082467205588,0.509726358638642,7,132,38,RR,34,18,5.42857142857143,-2
935,URLLC,39,11.5781950477529,0.532796622999431,7,132,39,RR,34,18,5.57142857142857,-2
936,URLLC,24.8271183072908,11.743496755862,0.476623927555953,7,132,26,RR,34,18,3.54673118675583,-2
937,URLLC,41.1728816927092,13.4046364388681,0.421120669351276,7,132,41.1728816927092,RR,34,18,5.8818402418156,-2
938,URLLC,38,13.9100504607757,0.519547002598608,7,132,38,RR,34,18,5.42857142857143,-2
939,URLLC,38,11.6701832087821,0.532113895373962,7,132,38,RR,34,18,5.42857142857143,-2
940,URLLC,40,12.9148410781379,0.510045992682496,7,132,40,RR,34,18,5.71428571428571,-2
941,URLLC,21.7028208303299,3.30453214981746,1.23505169609947,7,108,26,PF,25,20,3.10040297576141,-3
942,URLLC,20.0991001188631,1.65306527429627,3.20084052009039,7,108,41.2971791696701,PF,25,20,2.87130001698044,-3
943,URLLC,20.8883353707964,2.18306700014548,4.6203334824346,7,108,49.09001700696,PF,25,20,2.98404791011377,-3
944,URLLC,24.8216476222436,5.04999415423008,1.41024123949755,7,108,38,PF,25,20,3.54594966032052,-3
945,URLLC,21.1674639647904,2.74555105347255,1.36932387764489,7,108,30.6,PF,25,20,3.02392342354149,-3
946,URLLC,23.1023974331602,3.08462636119966,1.95023532069301,7,108,37.789117125823,PF,25,20,3.30034249045145,-3
947,URLLC,27.7642847766036,3.64434963245825,2.65860784386861,7,108,43.3892352519333,PF,25,20,3.96632639665766,-3
948,URLLC,24.7998818738897,3.84360188304978,1.21602417165732,7,108,32.9782342516461,PF,25,20,3.54284026769853,-3
949,URLLC,18.9673458386801,2.37560845227017,1.36988847992962,7,108,27.789117125823,PF,25,20,2.70962083409716,-3
950,URLLC,19.6995235160328,2.39979080348822,1.94594710055476,7,108,28.3892352519333,PF,25,20,2.81421764514754,-3
951,URLLC,22.3532837763163,3.8079466985906,3.57991528741021,6,108,35.189117125823,PF,25,20,3.72554729605272,-3
952,URLLC,19.0239405315796,4.49804801896586,3.21887502506872,6,108,35.5783523777564,PF,25,20,3.17065675526326,-3
953,URLLC,20.0239405315796,2.578569406675,2.89702622708217,6,108,34.4454346800763,PF,25,20,3.33732342192993,-3
954,URLLC,22.48,6.32448278034808,0.678122778357042,5,108,23,PF,25,20,4.496,-3
955,URLLC,22.1750706472933,6.32941247973347,0.700811743139168,5,108,22.52,PF,25,20,4.43501412945867,-3
956,URLLC,16.7890722322721,4.75910634107082,0.846703459999049,5,108,19.3449293527067,PF,25,20,3.35781444645442,-3
957,URLLC,22.5558571204346,8.25882047065526,0.541224091506235,5,108,22.5558571204346,PF,25,20,4.51117142408691,-3
958,URLLC,17,9.68199745491263,0.424038135782063,5,108,17,PF,25,20,3.4,-3
959,URLLC,19,8.67974923102082,0.490983918208048,5,108,19,PF,25,20,3.8,-3
960,URLLC,19.4441428795654,6.112381049666,1.0008501839491,5,108,25,PF,25,20,3.88882857591309,-3
961,URLLC,22.5558571204346,15.2291232806309,0.412947177874538,5,117,22.5558571204346,RR,34,14,4.51117142408691,0
962,URLLC,25,15.5465233628696,0.383899748962795,5,117,25,RR,34,14,5,0
963,URLLC,16,15.2537407305176,0.334419349529356,5,117,16,RR,34,14,3.2,0
964,URLLC,15,16.4533884713065,0.318988395901231,5,117,15,RR,34,14,3,0
965,URLLC,11,15.8433214735538,0.311462870878971,5,117,11,RR,34,14,2.2,0
966,URLLC,17,16.548103474167,0.333099301033873,5,117,17,RR,34,14,3.4,0
967,URLLC,31.7920202967996,11.5869049015799,1.88568794784967,6,117,38,RR,34,14,5.2986700494666,0
968,URLLC,31,13.3549609277407,0.442413097858612,6,117,31,RR,34,14,5.16666666666667,0
969,URLLC,27,14.6007669420769,0.391328199913349,6,117,27,RR,34,14,4.5,0
970,URLLC,20,13.6695298669072,0.393267367183743,6,117,20,RR,34,14,3.33333333333333,0
971,URLLC,30,14.8871187832349,0.418831689484536,6,117,30,RR,34,14,5,0
972,URLLC,27,14.8569900475253,0.394905083328588,6,117,27,RR,34,14,4.5,0
973,URLLC,26.9405241024496,10.1239870605435,1.94046465135087,7,117,36,RR,34,14,3.84864630034994,0
974,URLLC,32,14.2865629573027,0.493217742835503,7,117,32,RR,34,14,4.57142857142857,0
975,URLLC,33,12.9594069423658,0.453012264912725,7,117,33,RR,34,14,4.71428571428571,0
976,URLLC,25,12.2812630379832,0.486048519392315,7,117,25,RR,34,14,3.57142857142857,0
977,URLLC,32,10.718706438668,0.525246238754279,7,117,32,RR,34,14,4.57142857142857,0
978,URLLC,28,13.1536835453718,0.467103414010011,7,117,28,RR,34,14,4,0
979,URLLC,33.8918028977657,11.8992057552542,0.633504653480227,7,117,35,RR,34,14,4.84168612825224,0
980,URLLC,29.1081971022343,11.9474312216521,0.468255873590353,7,117,29.1081971022343,RR,34,14,4.15831387174776,0
981,URLLC,25,10.2585080829026,0.523088118456218,7,114,25,RR,32,4,3.57142857142857,-4
982,URLLC,37,11.3487121261685,0.545450185566137,7,114,37,RR,32,4,5.28571428571429,-4
983,URLLC,35.0649417324554,10.9985264408395,0.667641032245633,7,114,37,RR,32,4,5.00927739035078,-4
984,URLLC,27.9350582675446,10.5477600232785,0.49463407472462,7,114,27.9350582675446,RR,32,4,3.99072260964922,-4
985,URLLC,27,10.1371595900256,0.550077656345462,7,114,27,RR,32,4,3.85714285714286,-4
986,URLLC,25.7848157312711,9.26851122535051,0.636761507044445,7,114,27,RR,32,4,3.6835451044673,-4
987,URLLC,31.0649417324554,9.27132177245766,0.742331721844242,7,114,34.2151842687289,RR,32,4,4.43784881892221,-4
988,URLLC,21.1502425362734,11.0988109615884,0.423201046390925,7,114,21.1502425362734,RR,32,4,3.02146321946763,-4
989,URLLC,26,10.26297493043,0.52147901905687,7,114,26,RR,32,4,3.71428571428571,-4
990,URLLC,38.8918028977657,10.7001534627113,0.631031099839118,7,114,39,RR,32,4,5.55597184253795,-4
991,URLLC,28.1081971022343,9.23503695475203,0.474236785997455,7,114,28.1081971022343,RR,32,4,4.01545672889062,-4
992,URLLC,29,10.4521267878718,0.388933980294281,7,114,29,RR,32,4,4.14285714285714,-4
993,URLLC,31,9.7740195574004,0.584852519786139,7,114,31,RR,32,4,4.42857142857143,-4
994,URLLC,20,8.5390609409825,0.451919007732744,7,114,20,RR,32,4,2.85714285714286,-4
995,URLLC,32,11.4881699093111,0.511788348613186,7,114,32,RR,32,4,4.57142857142857,-4
996,URLLC,21,10.1759271161888,0.477312770529029,7,114,21,RR,32,4,3,-4
997,URLLC,24,10.142620056132,0.54151290783593,7,114,24,RR,32,4,3.42857142857143,-4
998,URLLC,20,10.160007347276,0.45205150745834,7,114,20,RR,32,4,2.85714285714286,-4
999,URLLC,27,9.5058990123517,0.566855251918255,7,114,27,RR,32,4,3.85714285714286,-4
1000,URLLC,33.0649417324554,10.1961305875674,0.692618510006428,7,114,34,RR,32,4,4.72356310463649,-4
